campaign,comparator,metric,seed,difference
T1,uncertainty,coverage_auc,0,-0.1785714285714286
T1,uncertainty,coverage_auc,1,-0.08928571428571419
T1,uncertainty,coverage_auc,2,-0.029761904761904434
T1,uncertainty,coverage_auc,3,-0.04166666666666674
T1,uncertainty,coverage_auc,4,-0.08928571428571463
T1,uncertainty,coverage_auc,5,-0.07738095238095244
T1,uncertainty,coverage_auc,6,-0.1250000000000001
T1,uncertainty,coverage_auc,7,-0.07738095238095255
T1,uncertainty,coverage_auc,8,-0.16666666666666652
T1,uncertainty,coverage_auc,9,-0.13095238095238115
T1,uncertainty,coverage_auc,10,-0.06547619047619058
T1,uncertainty,coverage_auc,11,0.011904761904761862
T1,uncertainty,coverage_auc,12,-0.1785714285714286
T1,uncertainty,coverage_auc,13,-0.11904761904761907
T1,uncertainty,coverage_auc,14,-0.20238095238095244
T1,uncertainty,coverage_auc,15,-0.15476190476190466
T1,uncertainty,coverage_auc,16,-0.1785714285714286
T1,uncertainty,coverage_auc,17,-0.15476190476190466
T1,uncertainty,coverage_auc,18,-0.13095238095238093
T1,uncertainty,coverage_auc,19,-0.1785714285714285
T1,uncertainty,final_coverage,0,-0.2857142857142857
T1,uncertainty,final_coverage,1,-0.1428571428571429
T1,uncertainty,final_coverage,2,-0.1428571428571428
T1,uncertainty,final_coverage,3,-0.1428571428571429
T1,uncertainty,final_coverage,4,-0.1428571428571429
T1,uncertainty,final_coverage,5,-0.1428571428571429
T1,uncertainty,final_coverage,6,-0.1428571428571429
T1,uncertainty,final_coverage,7,-0.1428571428571429
T1,uncertainty,final_coverage,8,-0.2857142857142857
T1,uncertainty,final_coverage,9,-0.2857142857142857
T1,uncertainty,final_coverage,10,-0.1428571428571429
T1,uncertainty,final_coverage,11,0.0
T1,uncertainty,final_coverage,12,-0.2857142857142857
T1,uncertainty,final_coverage,13,-0.2857142857142857
T1,uncertainty,final_coverage,14,-0.2857142857142857
T1,uncertainty,final_coverage,15,-0.2857142857142857
T1,uncertainty,final_coverage,16,-0.2857142857142857
T1,uncertainty,final_coverage,17,-0.2857142857142857
T1,uncertainty,final_coverage,18,-0.2857142857142857
T1,uncertainty,final_coverage,19,-0.2857142857142857
T1,uncertainty,discovery_efficiency,0,-0.0416666666666667
T1,uncertainty,discovery_efficiency,1,-0.0208333333333333
T1,uncertainty,discovery_efficiency,2,-0.0208333333333333
T1,uncertainty,discovery_efficiency,3,-0.020833333333333287
T1,uncertainty,discovery_efficiency,4,-0.020833333333333398
T1,uncertainty,discovery_efficiency,5,-0.0208333333333333
T1,uncertainty,discovery_efficiency,6,-0.0208333333333333
T1,uncertainty,discovery_efficiency,7,-0.020833333333333287
T1,uncertainty,discovery_efficiency,8,-0.041666666666666685
T1,uncertainty,discovery_efficiency,9,-0.0416666666666667
T1,uncertainty,discovery_efficiency,10,-0.020833333333333398
T1,uncertainty,discovery_efficiency,11,0.0
T1,uncertainty,discovery_efficiency,12,-0.0416666666666666
T1,uncertainty,discovery_efficiency,13,-0.0416666666666667
T1,uncertainty,discovery_efficiency,14,-0.0416666666666667
T1,uncertainty,discovery_efficiency,15,-0.041666666666666685
T1,uncertainty,discovery_efficiency,16,-0.0416666666666666
T1,uncertainty,discovery_efficiency,17,-0.041666666666666685
T1,uncertainty,discovery_efficiency,18,-0.041666666666666685
T1,uncertainty,discovery_efficiency,19,-0.041666666666666685
T1,uncertainty,diversity,0,-0.14924453130381354
T1,uncertainty,diversity,1,-0.1271700401835567
T1,uncertainty,diversity,2,-0.13015773518623297
T1,uncertainty,diversity,3,-0.08365197172849292
T1,uncertainty,diversity,4,-0.09515576153997785
T1,uncertainty,diversity,5,-0.1347418975793555
T1,uncertainty,diversity,6,-0.07834002903123083
T1,uncertainty,diversity,7,-0.07726889518420221
T1,uncertainty,diversity,8,-0.14908113636527365
T1,uncertainty,diversity,9,-0.15443673142964298
T1,uncertainty,diversity,10,-0.12404772149642762
T1,uncertainty,diversity,11,-0.06483983860153941
T1,uncertainty,diversity,12,-0.17134000514019865
T1,uncertainty,diversity,13,-0.2076865465238028
T1,uncertainty,diversity,14,-0.218045753333454
T1,uncertainty,diversity,15,-0.18195466845637887
T1,uncertainty,diversity,16,-0.1687905408342938
T1,uncertainty,diversity,17,-0.18195466845637887
T1,uncertainty,diversity,18,-0.1853194033284109
T1,uncertainty,diversity,19,-0.24128802506652114
T1,uncertainty,repeatability,0,0.04761904761904756
T1,uncertainty,repeatability,1,-0.08333333333333337
T1,uncertainty,repeatability,2,0.04761904761904756
T1,uncertainty,repeatability,3,0.03273809523809523
T1,uncertainty,repeatability,4,0.04761904761904756
T1,uncertainty,repeatability,5,0.04761904761904756
T1,uncertainty,repeatability,6,0.04761904761904756
T1,uncertainty,repeatability,7,0.04761904761904756
T1,uncertainty,repeatability,8,0.0
T1,uncertainty,repeatability,9,0.0
T1,uncertainty,repeatability,10,0.0
T1,uncertainty,repeatability,11,0.05263157894736836
T1,uncertainty,repeatability,12,0.050000000000000044
T1,uncertainty,repeatability,13,-0.04329004329004327
T1,uncertainty,repeatability,14,-0.012499999999999956
T1,uncertainty,repeatability,15,0.04761904761904756
T1,uncertainty,repeatability,16,0.050000000000000044
T1,uncertainty,repeatability,17,0.04761904761904756
T1,uncertainty,repeatability,18,0.0
T1,uncertainty,repeatability,19,0.050000000000000044
T1,uncertainty,cross_batch_agreement,0,-0.11666666666666659
T1,uncertainty,cross_batch_agreement,1,-0.16666666666666669
T1,uncertainty,cross_batch_agreement,2,-0.09999999999999998
T1,uncertainty,cross_batch_agreement,3,-0.09999999999999998
T1,uncertainty,cross_batch_agreement,4,-0.06666666666666665
T1,uncertainty,cross_batch_agreement,5,-0.08333333333333337
T1,uncertainty,cross_batch_agreement,6,-0.0666666666666666
T1,uncertainty,cross_batch_agreement,7,-0.08333333333333326
T1,uncertainty,cross_batch_agreement,8,-0.1
T1,uncertainty,cross_batch_agreement,9,-0.08333333333333329
T1,uncertainty,cross_batch_agreement,10,-0.06666666666666671
T1,uncertainty,cross_batch_agreement,11,-0.06666666666666671
T1,uncertainty,cross_batch_agreement,12,-0.1333333333333334
T1,uncertainty,cross_batch_agreement,13,-0.19999999999999998
T1,uncertainty,cross_batch_agreement,14,-0.06666666666666671
T1,uncertainty,cross_batch_agreement,15,-0.15
T1,uncertainty,cross_batch_agreement,16,-0.1333333333333334
T1,uncertainty,cross_batch_agreement,17,-0.15
T1,uncertainty,cross_batch_agreement,18,-0.1
T1,uncertainty,cross_batch_agreement,19,-0.09999999999999998
T1,uncertainty,cross_batch_median_cosine,0,-0.224384534492363
T1,uncertainty,cross_batch_median_cosine,1,-0.3165375967347884
T1,uncertainty,cross_batch_median_cosine,2,-0.13620380211602656
T1,uncertainty,cross_batch_median_cosine,3,-0.25436773090607456
T1,uncertainty,cross_batch_median_cosine,4,-0.13620380211602656
T1,uncertainty,cross_batch_median_cosine,5,-0.16394393553351982
T1,uncertainty,cross_batch_median_cosine,6,-0.12550120577620827
T1,uncertainty,cross_batch_median_cosine,7,-0.11434242472980038
T1,uncertainty,cross_batch_median_cosine,8,-0.22497126310252902
T1,uncertainty,cross_batch_median_cosine,9,-0.14186022786379282
T1,uncertainty,cross_batch_median_cosine,10,-0.15958304766554077
T1,uncertainty,cross_batch_median_cosine,11,-0.18526997915371213
T1,uncertainty,cross_batch_median_cosine,12,-0.24386213168221205
T1,uncertainty,cross_batch_median_cosine,13,-0.2976176330887189
T1,uncertainty,cross_batch_median_cosine,14,-0.11745451952992636
T1,uncertainty,cross_batch_median_cosine,15,-0.28451671796508426
T1,uncertainty,cross_batch_median_cosine,16,-0.29447865761584124
T1,uncertainty,cross_batch_median_cosine,17,-0.2829427518378841
T1,uncertainty,cross_batch_median_cosine,18,-0.2510215914392644
T1,uncertainty,cross_batch_median_cosine,19,-0.16687766104980628
T1,diversity,coverage_auc,0,-0.1785714285714286
T1,diversity,coverage_auc,1,-0.125
T1,diversity,coverage_auc,2,-0.16666666666666663
T1,diversity,coverage_auc,3,-0.10119047619047628
T1,diversity,coverage_auc,4,-0.12500000000000022
T1,diversity,coverage_auc,5,-0.11309523809523814
T1,diversity,coverage_auc,6,-0.1607142857142858
T1,diversity,coverage_auc,7,-0.11309523809523836
T1,diversity,coverage_auc,8,-0.20238095238095233
T1,diversity,coverage_auc,9,-0.15476190476190488
T1,diversity,coverage_auc,10,-0.125
T1,diversity,coverage_auc,11,-0.13690476190476186
T1,diversity,coverage_auc,12,-0.20238095238095244
T1,diversity,coverage_auc,13,-0.16666666666666674
T1,diversity,coverage_auc,14,-0.23809523809523803
T1,diversity,coverage_auc,15,-0.22619047619047616
T1,diversity,coverage_auc,16,-0.2142857142857143
T1,diversity,coverage_auc,17,-0.20238095238095233
T1,diversity,coverage_auc,18,-0.1428571428571428
T1,diversity,coverage_auc,19,-0.22619047619047628
T1,diversity,final_coverage,0,-0.2857142857142857
T1,diversity,final_coverage,1,-0.1428571428571429
T1,diversity,final_coverage,2,-0.2857142857142857
T1,diversity,final_coverage,3,-0.1428571428571429
T1,diversity,final_coverage,4,-0.1428571428571429
T1,diversity,final_coverage,5,-0.1428571428571429
T1,diversity,final_coverage,6,-0.1428571428571429
T1,diversity,final_coverage,7,-0.1428571428571429
T1,diversity,final_coverage,8,-0.2857142857142857
T1,diversity,final_coverage,9,-0.2857142857142857
T1,diversity,final_coverage,10,-0.1428571428571429
T1,diversity,final_coverage,11,-0.1428571428571429
T1,diversity,final_coverage,12,-0.2857142857142857
T1,diversity,final_coverage,13,-0.2857142857142857
T1,diversity,final_coverage,14,-0.2857142857142857
T1,diversity,final_coverage,15,-0.2857142857142857
T1,diversity,final_coverage,16,-0.2857142857142857
T1,diversity,final_coverage,17,-0.2857142857142857
T1,diversity,final_coverage,18,-0.2857142857142857
T1,diversity,final_coverage,19,-0.2857142857142857
T1,diversity,discovery_efficiency,0,-0.0416666666666667
T1,diversity,discovery_efficiency,1,-0.0208333333333333
T1,diversity,discovery_efficiency,2,-0.0416666666666666
T1,diversity,discovery_efficiency,3,-0.020833333333333287
T1,diversity,discovery_efficiency,4,-0.020833333333333398
T1,diversity,discovery_efficiency,5,-0.0208333333333333
T1,diversity,discovery_efficiency,6,-0.0208333333333333
T1,diversity,discovery_efficiency,7,-0.020833333333333287
T1,diversity,discovery_efficiency,8,-0.041666666666666685
T1,diversity,discovery_efficiency,9,-0.0416666666666667
T1,diversity,discovery_efficiency,10,-0.020833333333333398
T1,diversity,discovery_efficiency,11,-0.0208333333333333
T1,diversity,discovery_efficiency,12,-0.0416666666666666
T1,diversity,discovery_efficiency,13,-0.0416666666666667
T1,diversity,discovery_efficiency,14,-0.0416666666666667
T1,diversity,discovery_efficiency,15,-0.041666666666666685
T1,diversity,discovery_efficiency,16,-0.0416666666666666
T1,diversity,discovery_efficiency,17,-0.041666666666666685
T1,diversity,discovery_efficiency,18,-0.041666666666666685
T1,diversity,discovery_efficiency,19,-0.041666666666666685
T1,diversity,diversity,0,-0.1646087866325544
T1,diversity,diversity,1,-0.14253429551229757
T1,diversity,diversity,2,-0.2003331737827242
T1,diversity,diversity,3,-0.11026552718712035
T1,diversity,diversity,4,-0.07723270535402793
T1,diversity,diversity,5,-0.15200651787285235
T1,diversity,diversity,6,-0.0603685908531274
T1,diversity,diversity,7,-0.09461302824444662
T1,diversity,diversity,8,-0.15741649948493852
T1,diversity,diversity,9,-0.1344818131070986
T1,diversity,diversity,10,-0.096401416531673
T1,diversity,diversity,11,-0.16522053426357364
T1,diversity,diversity,12,-0.18095123997721108
T1,diversity,diversity,13,-0.22961013819996334
T1,diversity,diversity,14,-0.21696281208753854
T1,diversity,diversity,15,-0.19929880151662327
T1,diversity,diversity,16,-0.1661495242485156
T1,diversity,diversity,17,-0.2038782601325394
T1,diversity,diversity,18,-0.19929880151662327
T1,diversity,diversity,19,-0.2369198617153212
T1,diversity,repeatability,0,0.09090909090909083
T1,diversity,repeatability,1,0.007575757575757458
T1,diversity,repeatability,2,0.09090909090909083
T1,diversity,repeatability,3,0.03273809523809523
T1,diversity,repeatability,4,0.04761904761904756
T1,diversity,repeatability,5,0.09090909090909083
T1,diversity,repeatability,6,0.09090909090909083
T1,diversity,repeatability,7,0.09090909090909083
T1,diversity,repeatability,8,0.09523809523809523
T1,diversity,repeatability,9,0.09999999999999998
T1,diversity,repeatability,10,0.09523809523809523
T1,diversity,repeatability,11,0.09523809523809523
T1,diversity,repeatability,12,0.09523809523809523
T1,diversity,repeatability,13,0.0
T1,diversity,repeatability,14,0.07386363636363635
T1,diversity,repeatability,15,0.13636363636363635
T1,diversity,repeatability,16,0.09523809523809523
T1,diversity,repeatability,17,0.09090909090909083
T1,diversity,repeatability,18,0.04761904761904756
T1,diversity,repeatability,19,0.04761904761904756
T1,diversity,cross_batch_agreement,0,-0.09999999999999998
T1,diversity,cross_batch_agreement,1,-0.16666666666666669
T1,diversity,cross_batch_agreement,2,-0.08333333333333337
T1,diversity,cross_batch_agreement,3,-0.08333333333333331
T1,diversity,cross_batch_agreement,4,-0.04999999999999999
T1,diversity,cross_batch_agreement,5,-0.06666666666666671
T1,diversity,cross_batch_agreement,6,-0.04999999999999999
T1,diversity,cross_batch_agreement,7,-0.04999999999999999
T1,diversity,cross_batch_agreement,8,-0.08333333333333329
T1,diversity,cross_batch_agreement,9,-0.06666666666666668
T1,diversity,cross_batch_agreement,10,-0.04999999999999999
T1,diversity,cross_batch_agreement,11,-0.04999999999999999
T1,diversity,cross_batch_agreement,12,-0.1
T1,diversity,cross_batch_agreement,13,-0.18333333333333338
T1,diversity,cross_batch_agreement,14,-0.06666666666666671
T1,diversity,cross_batch_agreement,15,-0.1333333333333334
T1,diversity,cross_batch_agreement,16,-0.11666666666666672
T1,diversity,cross_batch_agreement,17,-0.1333333333333334
T1,diversity,cross_batch_agreement,18,-0.11666666666666672
T1,diversity,cross_batch_agreement,19,-0.08333333333333331
T1,diversity,cross_batch_median_cosine,0,-0.2519600239774345
T1,diversity,cross_batch_median_cosine,1,-0.3228865965960053
T1,diversity,cross_batch_median_cosine,2,-0.13620380211602656
T1,diversity,cross_batch_median_cosine,3,-0.25436773090607456
T1,diversity,cross_batch_median_cosine,4,-0.14788657060888344
T1,diversity,cross_batch_median_cosine,5,-0.12593161052070245
T1,diversity,cross_batch_median_cosine,6,-0.13061834139085038
T1,diversity,cross_batch_median_cosine,7,-0.11434242472980038
T1,diversity,cross_batch_median_cosine,8,-0.2338605273215869
T1,diversity,cross_batch_median_cosine,9,-0.12702965886094986
T1,diversity,cross_batch_median_cosine,10,-0.18499850781858096
T1,diversity,cross_batch_median_cosine,11,-0.2338605273215869
T1,diversity,cross_batch_median_cosine,12,-0.24093983362871274
T1,diversity,cross_batch_median_cosine,13,-0.29993551857700174
T1,diversity,cross_batch_median_cosine,14,-0.1280394106801236
T1,diversity,cross_batch_median_cosine,15,-0.25775366866672
T1,diversity,cross_batch_median_cosine,16,-0.312734658011829
T1,diversity,cross_batch_median_cosine,17,-0.2829427518378841
T1,diversity,cross_batch_median_cosine,18,-0.25071490197822055
T1,diversity,cross_batch_median_cosine,19,-0.20299571754266477
T2,uncertainty,coverage_auc,0,0.01666666666666672
T2,uncertainty,coverage_auc,1,0.01666666666666683
T2,uncertainty,coverage_auc,2,-0.1583333333333331
T2,uncertainty,coverage_auc,3,0.01666666666666672
T2,uncertainty,coverage_auc,4,0.016666666666666607
T2,uncertainty,coverage_auc,5,-0.15833333333333321
T2,uncertainty,coverage_auc,6,0.0
T2,uncertainty,coverage_auc,7,0.01666666666666683
T2,uncertainty,coverage_auc,8,-0.1583333333333331
T2,uncertainty,coverage_auc,9,0.01666666666666672
T2,uncertainty,coverage_auc,10,-0.17499999999999993
T2,uncertainty,coverage_auc,11,0.0
T2,uncertainty,coverage_auc,12,0.01666666666666672
T2,uncertainty,coverage_auc,13,-0.15833333333333321
T2,uncertainty,coverage_auc,14,0.016666666666666607
T2,uncertainty,coverage_auc,15,0.01666666666666683
T2,uncertainty,coverage_auc,16,0.016666666666666607
T2,uncertainty,coverage_auc,17,-0.15833333333333321
T2,uncertainty,coverage_auc,18,0.01666666666666683
T2,uncertainty,coverage_auc,19,0.016666666666666607
T2,uncertainty,final_coverage,0,0.0
T2,uncertainty,final_coverage,1,0.0
T2,uncertainty,final_coverage,2,-0.19999999999999996
T2,uncertainty,final_coverage,3,0.0
T2,uncertainty,final_coverage,4,0.0
T2,uncertainty,final_coverage,5,-0.19999999999999996
T2,uncertainty,final_coverage,6,0.0
T2,uncertainty,final_coverage,7,0.0
T2,uncertainty,final_coverage,8,-0.19999999999999996
T2,uncertainty,final_coverage,9,0.0
T2,uncertainty,final_coverage,10,-0.19999999999999996
T2,uncertainty,final_coverage,11,0.0
T2,uncertainty,final_coverage,12,0.0
T2,uncertainty,final_coverage,13,-0.19999999999999996
T2,uncertainty,final_coverage,14,0.0
T2,uncertainty,final_coverage,15,0.0
T2,uncertainty,final_coverage,16,0.0
T2,uncertainty,final_coverage,17,-0.19999999999999996
T2,uncertainty,final_coverage,18,0.0
T2,uncertainty,final_coverage,19,0.0
T2,uncertainty,discovery_efficiency,0,0.0
T2,uncertainty,discovery_efficiency,1,0.0
T2,uncertainty,discovery_efficiency,2,-0.0208333333333333
T2,uncertainty,discovery_efficiency,3,0.0
T2,uncertainty,discovery_efficiency,4,0.0
T2,uncertainty,discovery_efficiency,5,-0.0208333333333333
T2,uncertainty,discovery_efficiency,6,0.0
T2,uncertainty,discovery_efficiency,7,0.0
T2,uncertainty,discovery_efficiency,8,-0.0208333333333333
T2,uncertainty,discovery_efficiency,9,0.0
T2,uncertainty,discovery_efficiency,10,-0.0208333333333333
T2,uncertainty,discovery_efficiency,11,0.0
T2,uncertainty,discovery_efficiency,12,0.0
T2,uncertainty,discovery_efficiency,13,-0.0208333333333333
T2,uncertainty,discovery_efficiency,14,0.0
T2,uncertainty,discovery_efficiency,15,0.0
T2,uncertainty,discovery_efficiency,16,0.0
T2,uncertainty,discovery_efficiency,17,-0.0208333333333333
T2,uncertainty,discovery_efficiency,18,0.0
T2,uncertainty,discovery_efficiency,19,0.0
T2,uncertainty,diversity,0,0.021641607159265996
T2,uncertainty,diversity,1,-0.010355094560152711
T2,uncertainty,diversity,2,-0.08825875034088737
T2,uncertainty,diversity,3,0.021641607159265996
T2,uncertainty,diversity,4,-0.011027604437100158
T2,uncertainty,diversity,5,-0.1147777842443054
T2,uncertainty,diversity,6,-0.011027604437100158
T2,uncertainty,diversity,7,-0.011027604437100158
T2,uncertainty,diversity,8,-0.1147777842443054
T2,uncertainty,diversity,9,0.02096909728231855
T2,uncertainty,diversity,10,-0.0901420138287925
T2,uncertainty,diversity,11,0.021641607159265996
T2,uncertainty,diversity,12,0.021641607159265996
T2,uncertainty,diversity,13,-0.08893126021783482
T2,uncertainty,diversity,14,0.039282713759774324
T2,uncertainty,diversity,15,-0.011027604437100158
T2,uncertainty,diversity,16,-0.020212198883157617
T2,uncertainty,diversity,17,-0.09679113122949878
T2,uncertainty,diversity,18,-0.011027604437100158
T2,uncertainty,diversity,19,0.02096909728231855
T2,uncertainty,repeatability,0,0.2941176470588235
T2,uncertainty,repeatability,1,0.25
T2,uncertainty,repeatability,2,0.15126050420168058
T2,uncertainty,repeatability,3,0.2941176470588235
T2,uncertainty,repeatability,4,0.2777777777777778
T2,uncertainty,repeatability,5,0.2941176470588235
T2,uncertainty,repeatability,6,0.2777777777777778
T2,uncertainty,repeatability,7,0.2777777777777778
T2,uncertainty,repeatability,8,0.2941176470588235
T2,uncertainty,repeatability,9,0.2777777777777778
T2,uncertainty,repeatability,10,0.2777777777777778
T2,uncertainty,repeatability,11,0.2941176470588235
T2,uncertainty,repeatability,12,0.2941176470588235
T2,uncertainty,repeatability,13,0.13492063492063489
T2,uncertainty,repeatability,14,0.2777777777777778
T2,uncertainty,repeatability,15,0.2777777777777778
T2,uncertainty,repeatability,16,0.2777777777777778
T2,uncertainty,repeatability,17,0.2941176470588235
T2,uncertainty,repeatability,18,0.2777777777777778
T2,uncertainty,repeatability,19,0.1527777777777778
T2,uncertainty,cross_batch_agreement,0,-0.13333333333333341
T2,uncertainty,cross_batch_agreement,1,-0.1166666666666667
T2,uncertainty,cross_batch_agreement,2,-0.13333333333333341
T2,uncertainty,cross_batch_agreement,3,-0.13333333333333341
T2,uncertainty,cross_batch_agreement,4,-0.11666666666666661
T2,uncertainty,cross_batch_agreement,5,-0.1166666666666667
T2,uncertainty,cross_batch_agreement,6,-0.11666666666666661
T2,uncertainty,cross_batch_agreement,7,-0.1333333333333333
T2,uncertainty,cross_batch_agreement,8,-0.13333333333333341
T2,uncertainty,cross_batch_agreement,9,-0.15000000000000002
T2,uncertainty,cross_batch_agreement,10,-0.15000000000000002
T2,uncertainty,cross_batch_agreement,11,-0.13333333333333341
T2,uncertainty,cross_batch_agreement,12,-0.11666666666666671
T2,uncertainty,cross_batch_agreement,13,-0.1666666666666666
T2,uncertainty,cross_batch_agreement,14,-0.15000000000000002
T2,uncertainty,cross_batch_agreement,15,-0.1333333333333333
T2,uncertainty,cross_batch_agreement,16,-0.11666666666666661
T2,uncertainty,cross_batch_agreement,17,-0.1166666666666667
T2,uncertainty,cross_batch_agreement,18,-0.1333333333333333
T2,uncertainty,cross_batch_agreement,19,-0.1333333333333333
T2,uncertainty,cross_batch_median_cosine,0,-0.42738328722844604
T2,uncertainty,cross_batch_median_cosine,1,-0.30655438170525884
T2,uncertainty,cross_batch_median_cosine,2,-0.38674258729308686
T2,uncertainty,cross_batch_median_cosine,3,-0.3789870245500532
T2,uncertainty,cross_batch_median_cosine,4,-0.3449876052128748
T2,uncertainty,cross_batch_median_cosine,5,-0.30835932034145064
T2,uncertainty,cross_batch_median_cosine,6,-0.27859892812793013
T2,uncertainty,cross_batch_median_cosine,7,-0.31612041290957155
T2,uncertainty,cross_batch_median_cosine,8,-0.2923989889101374
T2,uncertainty,cross_batch_median_cosine,9,-0.3761295426593986
T2,uncertainty,cross_batch_median_cosine,10,-0.39767256859686484
T2,uncertainty,cross_batch_median_cosine,11,-0.3143457002304543
T2,uncertainty,cross_batch_median_cosine,12,-0.3797856074454532
T2,uncertainty,cross_batch_median_cosine,13,-0.3781857961812476
T2,uncertainty,cross_batch_median_cosine,14,-0.3578081262743063
T2,uncertainty,cross_batch_median_cosine,15,-0.3146953096554137
T2,uncertainty,cross_batch_median_cosine,16,-0.3256777972701802
T2,uncertainty,cross_batch_median_cosine,17,-0.29925699112845006
T2,uncertainty,cross_batch_median_cosine,18,-0.36672653132673294
T2,uncertainty,cross_batch_median_cosine,19,-0.4105503366567253
T2,diversity,coverage_auc,0,0.04999999999999993
T2,diversity,coverage_auc,1,0.03333333333333344
T2,diversity,coverage_auc,2,-0.1583333333333331
T2,diversity,coverage_auc,3,0.01666666666666672
T2,diversity,coverage_auc,4,0.0
T2,diversity,coverage_auc,5,-0.1416666666666666
T2,diversity,coverage_auc,6,-0.016666666666666607
T2,diversity,coverage_auc,7,0.03333333333333344
T2,diversity,coverage_auc,8,-0.1416666666666665
T2,diversity,coverage_auc,9,0.01666666666666672
T2,diversity,coverage_auc,10,-0.19166666666666676
T2,diversity,coverage_auc,11,0.016666666666666607
T2,diversity,coverage_auc,12,0.033333333333333326
T2,diversity,coverage_auc,13,-0.1416666666666666
T2,diversity,coverage_auc,14,0.016666666666666607
T2,diversity,coverage_auc,15,0.03333333333333344
T2,diversity,coverage_auc,16,0.0
T2,diversity,coverage_auc,17,-0.15833333333333321
T2,diversity,coverage_auc,18,0.050000000000000044
T2,diversity,coverage_auc,19,0.016666666666666607
T2,diversity,final_coverage,0,0.0
T2,diversity,final_coverage,1,0.0
T2,diversity,final_coverage,2,-0.19999999999999996
T2,diversity,final_coverage,3,0.0
T2,diversity,final_coverage,4,0.0
T2,diversity,final_coverage,5,-0.19999999999999996
T2,diversity,final_coverage,6,0.0
T2,diversity,final_coverage,7,0.0
T2,diversity,final_coverage,8,-0.19999999999999996
T2,diversity,final_coverage,9,0.0
T2,diversity,final_coverage,10,-0.19999999999999996
T2,diversity,final_coverage,11,0.0
T2,diversity,final_coverage,12,0.0
T2,diversity,final_coverage,13,-0.19999999999999996
T2,diversity,final_coverage,14,0.0
T2,diversity,final_coverage,15,0.0
T2,diversity,final_coverage,16,0.0
T2,diversity,final_coverage,17,-0.19999999999999996
T2,diversity,final_coverage,18,0.0
T2,diversity,final_coverage,19,0.0
T2,diversity,discovery_efficiency,0,0.0
T2,diversity,discovery_efficiency,1,0.0
T2,diversity,discovery_efficiency,2,-0.0208333333333333
T2,diversity,discovery_efficiency,3,0.0
T2,diversity,discovery_efficiency,4,0.0
T2,diversity,discovery_efficiency,5,-0.0208333333333333
T2,diversity,discovery_efficiency,6,0.0
T2,diversity,discovery_efficiency,7,0.0
T2,diversity,discovery_efficiency,8,-0.0208333333333333
T2,diversity,discovery_efficiency,9,0.0
T2,diversity,discovery_efficiency,10,-0.0208333333333333
T2,diversity,discovery_efficiency,11,0.0
T2,diversity,discovery_efficiency,12,0.0
T2,diversity,discovery_efficiency,13,-0.0208333333333333
T2,diversity,discovery_efficiency,14,0.0
T2,diversity,discovery_efficiency,15,0.0
T2,diversity,discovery_efficiency,16,0.0
T2,diversity,discovery_efficiency,17,-0.0208333333333333
T2,diversity,discovery_efficiency,18,0.0
T2,diversity,discovery_efficiency,19,0.0
T2,diversity,diversity,0,0.06427175901887372
T2,diversity,diversity,1,0.06489167159529519
T2,diversity,diversity,2,-0.03948176626704458
T2,diversity,diversity,3,0.07041859123310878
T2,diversity,diversity,4,0.06489167159529519
T2,diversity,diversity,5,-0.012531318516667556
T2,diversity,diversity,6,0.03368463096392238
T2,diversity,diversity,7,0.03842188951369008
T2,diversity,diversity,8,-0.039531018088857506
T2,diversity,diversity,9,0.06568133268334109
T2,diversity,diversity,10,-0.04542977842776996
T2,diversity,diversity,11,0.07041859123310878
T2,diversity,diversity,12,0.06427175901887372
T2,diversity,diversity,13,-0.04421902481681228
T2,diversity,diversity,14,0.06044706043041104
T2,diversity,diversity,15,0.09189137116748514
T2,diversity,diversity,16,0.05570707714923773
T2,diversity,diversity,17,-0.09679113122949878
T2,diversity,diversity,18,0.09189137116748514
T2,diversity,diversity,19,0.06568133268334109
T2,diversity,repeatability,0,0.2666666666666667
T2,diversity,repeatability,1,0.2666666666666667
T2,diversity,repeatability,2,0.1071428571428571
T2,diversity,repeatability,3,0.25
T2,diversity,repeatability,4,0.25
T2,diversity,repeatability,5,0.2666666666666667
T2,diversity,repeatability,6,0.2777777777777778
T2,diversity,repeatability,7,0.25
T2,diversity,repeatability,8,0.25
T2,diversity,repeatability,9,0.23529411764705888
T2,diversity,repeatability,10,0.23529411764705888
T2,diversity,repeatability,11,0.2941176470588235
T2,diversity,repeatability,12,0.2666666666666667
T2,diversity,repeatability,13,0.09243697478991597
T2,diversity,repeatability,14,0.23529411764705888
T2,diversity,repeatability,15,0.3125
T2,diversity,repeatability,16,0.2666666666666667
T2,diversity,repeatability,17,0.25
T2,diversity,repeatability,18,0.3125
T2,diversity,repeatability,19,0.11029411764705888
T2,diversity,cross_batch_agreement,0,-0.09999999999999999
T2,diversity,cross_batch_agreement,1,-0.08333333333333329
T2,diversity,cross_batch_agreement,2,-0.13333333333333341
T2,diversity,cross_batch_agreement,3,-0.11666666666666671
T2,diversity,cross_batch_agreement,4,-0.08333333333333331
T2,diversity,cross_batch_agreement,5,-0.08333333333333329
T2,diversity,cross_batch_agreement,6,-0.1
T2,diversity,cross_batch_agreement,7,-0.1
T2,diversity,cross_batch_agreement,8,-0.11666666666666671
T2,diversity,cross_batch_agreement,9,-0.15000000000000002
T2,diversity,cross_batch_agreement,10,-0.13333333333333341
T2,diversity,cross_batch_agreement,11,-0.11666666666666671
T2,diversity,cross_batch_agreement,12,-0.09999999999999999
T2,diversity,cross_batch_agreement,13,-0.15
T2,diversity,cross_batch_agreement,14,-0.13333333333333341
T2,diversity,cross_batch_agreement,15,-0.08333333333333329
T2,diversity,cross_batch_agreement,16,-0.0666666666666666
T2,diversity,cross_batch_agreement,17,-0.1
T2,diversity,cross_batch_agreement,18,-0.08333333333333329
T2,diversity,cross_batch_agreement,19,-0.1166666666666667
T2,diversity,cross_batch_median_cosine,0,-0.4351357008346158
T2,diversity,cross_batch_median_cosine,1,-0.3962274216673666
T2,diversity,cross_batch_median_cosine,2,-0.39444862749547427
T2,diversity,cross_batch_median_cosine,3,-0.36215407397833244
T2,diversity,cross_batch_median_cosine,4,-0.33113909744318565
T2,diversity,cross_batch_median_cosine,5,-0.3992361358959413
T2,diversity,cross_batch_median_cosine,6,-0.324957245379861
T2,diversity,cross_batch_median_cosine,7,-0.3230415430176001
T2,diversity,cross_batch_median_cosine,8,-0.3737888969395605
T2,diversity,cross_batch_median_cosine,9,-0.39339808339145654
T2,diversity,cross_batch_median_cosine,10,-0.3772795102353984
T2,diversity,cross_batch_median_cosine,11,-0.41638015971422626
T2,diversity,cross_batch_median_cosine,12,-0.3716046269501798
T2,diversity,cross_batch_median_cosine,13,-0.4030053718304897
T2,diversity,cross_batch_median_cosine,14,-0.4320540921554515
T2,diversity,cross_batch_median_cosine,15,-0.37608949011428017
T2,diversity,cross_batch_median_cosine,16,-0.38707197772904667
T2,diversity,cross_batch_median_cosine,17,-0.3679485621641253
T2,diversity,cross_batch_median_cosine,18,-0.37120891132388734
T2,diversity,cross_batch_median_cosine,19,-0.4284946588618613
