campaign,method,seed,runid,selection_status,evaluation_status
T1,random,0,T1_random_seed00,PASS,PASS
T1,greedy,0,T1_greedy_seed00,PASS,PASS
T1,uncertainty,0,T1_uncertainty_seed00,PASS,PASS
T1,diversity,0,T1_diversity_seed00,PASS,PASS
T1,coverage-only,0,T1_coverage-only_seed00,PASS,PASS
T1,random,1,T1_random_seed01,PASS,PASS
T1,greedy,1,T1_greedy_seed01,PASS,PASS
T1,uncertainty,1,T1_uncertainty_seed01,PASS,PASS
T1,diversity,1,T1_diversity_seed01,PASS,PASS
T1,coverage-only,1,T1_coverage-only_seed01,PASS,PASS
T1,random,2,T1_random_seed02,PASS,PASS
T1,greedy,2,T1_greedy_seed02,PASS,PASS
T1,uncertainty,2,T1_uncertainty_seed02,PASS,PASS
T1,diversity,2,T1_diversity_seed02,PASS,PASS
T1,coverage-only,2,T1_coverage-only_seed02,PASS,PASS
T1,random,3,T1_random_seed03,PASS,PASS
T1,greedy,3,T1_greedy_seed03,PASS,PASS
T1,uncertainty,3,T1_uncertainty_seed03,PASS,PASS
T1,diversity,3,T1_diversity_seed03,PASS,PASS
T1,coverage-only,3,T1_coverage-only_seed03,PASS,PASS
T1,random,4,T1_random_seed04,PASS,PASS
T1,greedy,4,T1_greedy_seed04,PASS,PASS
T1,uncertainty,4,T1_uncertainty_seed04,PASS,PASS
T1,diversity,4,T1_diversity_seed04,PASS,PASS
T1,coverage-only,4,T1_coverage-only_seed04,PASS,PASS
T1,random,5,T1_random_seed05,PASS,PASS
T1,greedy,5,T1_greedy_seed05,PASS,PASS
T1,uncertainty,5,T1_uncertainty_seed05,PASS,PASS
T1,diversity,5,T1_diversity_seed05,PASS,PASS
T1,coverage-only,5,T1_coverage-only_seed05,PASS,PASS
T1,random,6,T1_random_seed06,PASS,PASS
T1,greedy,6,T1_greedy_seed06,PASS,PASS
T1,uncertainty,6,T1_uncertainty_seed06,PASS,PASS
T1,diversity,6,T1_diversity_seed06,PASS,PASS
T1,coverage-only,6,T1_coverage-only_seed06,PASS,PASS
T1,random,7,T1_random_seed07,PASS,PASS
T1,greedy,7,T1_greedy_seed07,PASS,PASS
T1,uncertainty,7,T1_uncertainty_seed07,PASS,PASS
T1,diversity,7,T1_diversity_seed07,PASS,PASS
T1,coverage-only,7,T1_coverage-only_seed07,PASS,PASS
T1,random,8,T1_random_seed08,PASS,PASS
T1,greedy,8,T1_greedy_seed08,PASS,PASS
T1,uncertainty,8,T1_uncertainty_seed08,PASS,PASS
T1,diversity,8,T1_diversity_seed08,PASS,PASS
T1,coverage-only,8,T1_coverage-only_seed08,PASS,PASS
T1,random,9,T1_random_seed09,PASS,PASS
T1,greedy,9,T1_greedy_seed09,PASS,PASS
T1,uncertainty,9,T1_uncertainty_seed09,PASS,PASS
T1,diversity,9,T1_diversity_seed09,PASS,PASS
T1,coverage-only,9,T1_coverage-only_seed09,PASS,PASS
T1,random,10,T1_random_seed10,PASS,PASS
T1,greedy,10,T1_greedy_seed10,PASS,PASS
T1,uncertainty,10,T1_uncertainty_seed10,PASS,PASS
T1,diversity,10,T1_diversity_seed10,PASS,PASS
T1,coverage-only,10,T1_coverage-only_seed10,PASS,PASS
T1,random,11,T1_random_seed11,PASS,PASS
T1,greedy,11,T1_greedy_seed11,PASS,PASS
T1,uncertainty,11,T1_uncertainty_seed11,PASS,PASS
T1,diversity,11,T1_diversity_seed11,PASS,PASS
T1,coverage-only,11,T1_coverage-only_seed11,PASS,PASS
T1,random,12,T1_random_seed12,PASS,PASS
T1,greedy,12,T1_greedy_seed12,PASS,PASS
T1,uncertainty,12,T1_uncertainty_seed12,PASS,PASS
T1,diversity,12,T1_diversity_seed12,PASS,PASS
T1,coverage-only,12,T1_coverage-only_seed12,PASS,PASS
T1,random,13,T1_random_seed13,PASS,PASS
T1,greedy,13,T1_greedy_seed13,PASS,PASS
T1,uncertainty,13,T1_uncertainty_seed13,PASS,PASS
T1,diversity,13,T1_diversity_seed13,PASS,PASS
T1,coverage-only,13,T1_coverage-only_seed13,PASS,PASS
T1,random,14,T1_random_seed14,PASS,PASS
T1,greedy,14,T1_greedy_seed14,PASS,PASS
T1,uncertainty,14,T1_uncertainty_seed14,PASS,PASS
T1,diversity,14,T1_diversity_seed14,PASS,PASS
T1,coverage-only,14,T1_coverage-only_seed14,PASS,PASS
T1,random,15,T1_random_seed15,PASS,PASS
T1,greedy,15,T1_greedy_seed15,PASS,PASS
T1,uncertainty,15,T1_uncertainty_seed15,PASS,PASS
T1,diversity,15,T1_diversity_seed15,PASS,PASS
T1,coverage-only,15,T1_coverage-only_seed15,PASS,PASS
T1,random,16,T1_random_seed16,PASS,PASS
T1,greedy,16,T1_greedy_seed16,PASS,PASS
T1,uncertainty,16,T1_uncertainty_seed16,PASS,PASS
T1,diversity,16,T1_diversity_seed16,PASS,PASS
T1,coverage-only,16,T1_coverage-only_seed16,PASS,PASS
T1,random,17,T1_random_seed17,PASS,PASS
T1,greedy,17,T1_greedy_seed17,PASS,PASS
T1,uncertainty,17,T1_uncertainty_seed17,PASS,PASS
T1,diversity,17,T1_diversity_seed17,PASS,PASS
T1,coverage-only,17,T1_coverage-only_seed17,PASS,PASS
T1,random,18,T1_random_seed18,PASS,PASS
T1,greedy,18,T1_greedy_seed18,PASS,PASS
T1,uncertainty,18,T1_uncertainty_seed18,PASS,PASS
T1,diversity,18,T1_diversity_seed18,PASS,PASS
T1,coverage-only,18,T1_coverage-only_seed18,PASS,PASS
T1,random,19,T1_random_seed19,PASS,PASS
T1,greedy,19,T1_greedy_seed19,PASS,PASS
T1,uncertainty,19,T1_uncertainty_seed19,PASS,PASS
T1,diversity,19,T1_diversity_seed19,PASS,PASS
T1,coverage-only,19,T1_coverage-only_seed19,PASS,PASS
T2,random,0,T2_random_seed00,PASS,PASS
T2,greedy,0,T2_greedy_seed00,PASS,PASS
T2,uncertainty,0,T2_uncertainty_seed00,PASS,PASS
T2,diversity,0,T2_diversity_seed00,PASS,PASS
T2,coverage-only,0,T2_coverage-only_seed00,PASS,PASS
T2,random,1,T2_random_seed01,PASS,PASS
T2,greedy,1,T2_greedy_seed01,PASS,PASS
T2,uncertainty,1,T2_uncertainty_seed01,PASS,PASS
T2,diversity,1,T2_diversity_seed01,PASS,PASS
T2,coverage-only,1,T2_coverage-only_seed01,PASS,PASS
T2,random,2,T2_random_seed02,PASS,PASS
T2,greedy,2,T2_greedy_seed02,PASS,PASS
T2,uncertainty,2,T2_uncertainty_seed02,PASS,PASS
T2,diversity,2,T2_diversity_seed02,PASS,PASS
T2,coverage-only,2,T2_coverage-only_seed02,PASS,PASS
T2,random,3,T2_random_seed03,PASS,PASS
T2,greedy,3,T2_greedy_seed03,PASS,PASS
T2,uncertainty,3,T2_uncertainty_seed03,PASS,PASS
T2,diversity,3,T2_diversity_seed03,PASS,PASS
T2,coverage-only,3,T2_coverage-only_seed03,PASS,PASS
T2,random,4,T2_random_seed04,PASS,PASS
T2,greedy,4,T2_greedy_seed04,PASS,PASS
T2,uncertainty,4,T2_uncertainty_seed04,PASS,PASS
T2,diversity,4,T2_diversity_seed04,PASS,PASS
T2,coverage-only,4,T2_coverage-only_seed04,PASS,PASS
T2,random,5,T2_random_seed05,PASS,PASS
T2,greedy,5,T2_greedy_seed05,PASS,PASS
T2,uncertainty,5,T2_uncertainty_seed05,PASS,PASS
T2,diversity,5,T2_diversity_seed05,PASS,PASS
T2,coverage-only,5,T2_coverage-only_seed05,PASS,PASS
T2,random,6,T2_random_seed06,PASS,PASS
T2,greedy,6,T2_greedy_seed06,PASS,PASS
T2,uncertainty,6,T2_uncertainty_seed06,PASS,PASS
T2,diversity,6,T2_diversity_seed06,PASS,PASS
T2,coverage-only,6,T2_coverage-only_seed06,PASS,PASS
T2,random,7,T2_random_seed07,PASS,PASS
T2,greedy,7,T2_greedy_seed07,PASS,PASS
T2,uncertainty,7,T2_uncertainty_seed07,PASS,PASS
T2,diversity,7,T2_diversity_seed07,PASS,PASS
T2,coverage-only,7,T2_coverage-only_seed07,PASS,PASS
T2,random,8,T2_random_seed08,PASS,PASS
T2,greedy,8,T2_greedy_seed08,PASS,PASS
T2,uncertainty,8,T2_uncertainty_seed08,PASS,PASS
T2,diversity,8,T2_diversity_seed08,PASS,PASS
T2,coverage-only,8,T2_coverage-only_seed08,PASS,PASS
T2,random,9,T2_random_seed09,PASS,PASS
T2,greedy,9,T2_greedy_seed09,PASS,PASS
T2,uncertainty,9,T2_uncertainty_seed09,PASS,PASS
T2,diversity,9,T2_diversity_seed09,PASS,PASS
T2,coverage-only,9,T2_coverage-only_seed09,PASS,PASS
T2,random,10,T2_random_seed10,PASS,PASS
T2,greedy,10,T2_greedy_seed10,PASS,PASS
T2,uncertainty,10,T2_uncertainty_seed10,PASS,PASS
T2,diversity,10,T2_diversity_seed10,PASS,PASS
T2,coverage-only,10,T2_coverage-only_seed10,PASS,PASS
T2,random,11,T2_random_seed11,PASS,PASS
T2,greedy,11,T2_greedy_seed11,PASS,PASS
T2,uncertainty,11,T2_uncertainty_seed11,PASS,PASS
T2,diversity,11,T2_diversity_seed11,PASS,PASS
T2,coverage-only,11,T2_coverage-only_seed11,PASS,PASS
T2,random,12,T2_random_seed12,PASS,PASS
T2,greedy,12,T2_greedy_seed12,PASS,PASS
T2,uncertainty,12,T2_uncertainty_seed12,PASS,PASS
T2,diversity,12,T2_diversity_seed12,PASS,PASS
T2,coverage-only,12,T2_coverage-only_seed12,PASS,PASS
T2,random,13,T2_random_seed13,PASS,PASS
T2,greedy,13,T2_greedy_seed13,PASS,PASS
T2,uncertainty,13,T2_uncertainty_seed13,PASS,PASS
T2,diversity,13,T2_diversity_seed13,PASS,PASS
T2,coverage-only,13,T2_coverage-only_seed13,PASS,PASS
T2,random,14,T2_random_seed14,PASS,PASS
T2,greedy,14,T2_greedy_seed14,PASS,PASS
T2,uncertainty,14,T2_uncertainty_seed14,PASS,PASS
T2,diversity,14,T2_diversity_seed14,PASS,PASS
T2,coverage-only,14,T2_coverage-only_seed14,PASS,PASS
T2,random,15,T2_random_seed15,PASS,PASS
T2,greedy,15,T2_greedy_seed15,PASS,PASS
T2,uncertainty,15,T2_uncertainty_seed15,PASS,PASS
T2,diversity,15,T2_diversity_seed15,PASS,PASS
T2,coverage-only,15,T2_coverage-only_seed15,PASS,PASS
T2,random,16,T2_random_seed16,PASS,PASS
T2,greedy,16,T2_greedy_seed16,PASS,PASS
T2,uncertainty,16,T2_uncertainty_seed16,PASS,PASS
T2,diversity,16,T2_diversity_seed16,PASS,PASS
T2,coverage-only,16,T2_coverage-only_seed16,PASS,PASS
T2,random,17,T2_random_seed17,PASS,PASS
T2,greedy,17,T2_greedy_seed17,PASS,PASS
T2,uncertainty,17,T2_uncertainty_seed17,PASS,PASS
T2,diversity,17,T2_diversity_seed17,PASS,PASS
T2,coverage-only,17,T2_coverage-only_seed17,PASS,PASS
T2,random,18,T2_random_seed18,PASS,PASS
T2,greedy,18,T2_greedy_seed18,PASS,PASS
T2,uncertainty,18,T2_uncertainty_seed18,PASS,PASS
T2,diversity,18,T2_diversity_seed18,PASS,PASS
T2,coverage-only,18,T2_coverage-only_seed18,PASS,PASS
T2,random,19,T2_random_seed19,PASS,PASS
T2,greedy,19,T2_greedy_seed19,PASS,PASS
T2,uncertainty,19,T2_uncertainty_seed19,PASS,PASS
T2,diversity,19,T2_diversity_seed19,PASS,PASS
T2,coverage-only,19,T2_coverage-only_seed19,PASS,PASS
