campaign,method,seed,runid,status,coverage_auc,final_coverage,discovery_efficiency,diversity,repeatability,cross_batch_agreement,cross_batch_median_cosine,online_positive,repeat_confirmed
T1,random,0,T1_random_seed00,PASS,0.3630952380952381,0.8571428571428571,0.10416666666666667,0.861654166907052,1.0,0.1,0.4934828163644318,6,6
T1,greedy,0,T1_greedy_seed00,PASS,0.7976190476190476,1.0,0.125,0.8717732060837589,0.9130434782608695,0.38333333333333336,0.762072232869761,23,21
T1,uncertainty,0,T1_uncertainty_seed00,PASS,0.8214285714285715,1.0,0.125,0.8679005653524495,0.9523809523809523,0.36666666666666664,0.695268843066861,21,20
T1,diversity,0,T1_diversity_seed00,PASS,0.8214285714285715,1.0,0.125,0.8832648206811904,0.9090909090909091,0.35,0.7228443325519325,22,20
T1,coverage-only,0,T1_coverage-only_seed00,PASS,0.6428571428571429,0.7142857142857143,0.08333333333333333,0.718656034048636,1.0,0.25,0.47088430857449803,15,15
T1,random,1,T1_random_seed01,PASS,0.4285714285714286,0.42857142857142855,0.0,0.4863826390090817,0.8571428571428571,0.1,0.39972743813757594,7,6
T1,greedy,1,T1_greedy_seed01,PASS,0.9047619047619048,1.0,0.08333333333333333,0.8341993560824204,0.9545454545454546,0.36666666666666664,0.7686283296251117,22,21
T1,uncertainty,1,T1_uncertainty_seed01,PASS,0.9166666666666666,1.0,0.08333333333333333,0.8679005653524495,1.0,0.35,0.6683333476948217,20,20
T1,diversity,1,T1_diversity_seed01,PASS,0.9523809523809524,1.0,0.08333333333333333,0.8832648206811904,0.9090909090909091,0.35,0.6746823475560386,22,20
T1,coverage-only,1,T1_coverage-only_seed01,PASS,0.8273809523809524,0.8571428571428571,0.0625,0.7407305251688928,0.9166666666666666,0.18333333333333332,0.35179575096003335,12,11
T1,random,2,T1_random_seed02,PASS,0.42857142857142844,0.5714285714285714,0.041666666666666664,0.6037593748197109,1.0,0.15,0.5902393257798217,9,9
T1,greedy,2,T1_greedy_seed02,PASS,0.8511904761904763,1.0,0.10416666666666667,0.8341993560824204,0.9130434782608695,0.38333333333333336,0.762072232869761,23,21
T1,uncertainty,2,T1_uncertainty_seed02,PASS,0.7142857142857141,0.8571428571428571,0.08333333333333333,0.8130893820846992,0.9523809523809523,0.36666666666666664,0.7228443325519325,21,20
T1,diversity,2,T1_diversity_seed02,PASS,0.8511904761904763,1.0,0.10416666666666667,0.8832648206811904,0.9090909090909091,0.35,0.7228443325519325,22,20
T1,coverage-only,2,T1_coverage-only_seed02,PASS,0.6845238095238096,0.7142857142857143,0.0625,0.6829316468984662,1.0,0.26666666666666666,0.5866405304359059,16,16
T1,random,3,T1_random_seed03,PASS,0.3154761904761904,0.42857142857142855,0.0625,0.4569835314848896,0.8571428571428571,0.1,0.4818838881588219,7,6
T1,greedy,3,T1_greedy_seed03,PASS,0.7916666666666666,1.0,0.14583333333333334,0.8525759262464399,0.9090909090909091,0.36666666666666664,0.7580417409040311,22,20
T1,uncertainty,3,T1_uncertainty_seed03,PASS,0.7797619047619048,1.0,0.14583333333333334,0.8679005653524495,0.9047619047619048,0.35,0.7196460348021249,21,19
T1,diversity,3,T1_diversity_seed03,PASS,0.8392857142857143,1.0,0.14583333333333334,0.894514120811077,0.9047619047619048,0.3333333333333333,0.7196460348021249,21,19
T1,coverage-only,3,T1_coverage-only_seed03,PASS,0.738095238095238,0.8571428571428571,0.125,0.7842485936239566,0.9375,0.25,0.4652783038960503,16,15
T1,random,4,T1_random_seed04,PASS,0.26190476190476186,0.42857142857142855,0.041666666666666664,0.48293854524172825,0.875,0.13333333333333333,0.5868115598036103,8,7
T1,greedy,4,T1_greedy_seed04,PASS,0.7976190476190476,1.0,0.125,0.8268940383221284,0.9130434782608695,0.36666666666666664,0.7903372203190397,23,21
T1,uncertainty,4,T1_uncertainty_seed04,PASS,0.8095238095238096,1.0,0.125,0.8614207417717774,0.9523809523809523,0.35,0.7228443325519325,21,20
T1,diversity,4,T1_diversity_seed04,PASS,0.8452380952380952,1.0,0.125,0.8434976855858275,0.9523809523809523,0.3333333333333333,0.7345271010447894,21,20
T1,coverage-only,4,T1_coverage-only_seed04,PASS,0.720238095238095,0.8571428571428571,0.10416666666666667,0.7662649802317996,1.0,0.2833333333333333,0.5866405304359059,17,17
T1,random,5,T1_random_seed05,PASS,0.28571428571428564,0.2857142857142857,0.0,0.3060986113514965,1.0,0.06666666666666667,0.4590350957324003,4,4
T1,greedy,5,T1_greedy_seed05,PASS,0.8154761904761904,1.0,0.10416666666666667,0.8434976855858275,0.9130434782608695,0.36666666666666664,0.77304476022735,23,21
T1,uncertainty,5,T1_uncertainty_seed05,PASS,0.8273809523809524,1.0,0.10416666666666667,0.8614207417717774,0.9523809523809523,0.35,0.7381101327218962,21,20
T1,diversity,5,T1_diversity_seed05,PASS,0.8630952380952381,1.0,0.10416666666666667,0.8786853620652743,0.9090909090909091,0.3333333333333333,0.7000978077090788,22,20
T1,coverage-only,5,T1_coverage-only_seed05,PASS,0.75,0.8571428571428571,0.08333333333333333,0.7266788441924219,1.0,0.26666666666666666,0.5741661971883764,16,16
T1,random,6,T1_random_seed06,PASS,0.5535714285714285,0.7142857142857143,0.0625,0.7453087835430109,1.0,0.11666666666666667,0.49879803734407324,6,6
T1,greedy,6,T1_greedy_seed06,PASS,0.8511904761904763,1.0,0.10416666666666667,0.8341993560824204,0.9130434782608695,0.38333333333333336,0.762072232869761,23,21
T1,uncertainty,6,T1_uncertainty_seed06,PASS,0.8630952380952381,1.0,0.10416666666666667,0.8679005653524495,0.9523809523809523,0.36666666666666664,0.7121417362121142,21,20
T1,diversity,6,T1_diversity_seed06,PASS,0.8988095238095238,1.0,0.10416666666666667,0.8499291271743461,0.9090909090909091,0.35,0.7172588718267563,22,20
T1,coverage-only,6,T1_coverage-only_seed06,PASS,0.738095238095238,0.8571428571428571,0.08333333333333333,0.7895605363212187,1.0,0.3,0.5866405304359059,17,17
T1,random,7,T1_random_seed07,PASS,0.33333333333333326,0.5714285714285714,0.08333333333333333,0.6141236643923695,1.0,0.11666666666666667,0.46393650723044166,7,7
T1,greedy,7,T1_greedy_seed07,PASS,0.7797619047619048,1.0,0.14583333333333334,0.8341993560824204,0.9130434782608695,0.38333333333333336,0.7836242658864061,23,21
T1,uncertainty,7,T1_uncertainty_seed07,PASS,0.7916666666666666,1.0,0.14583333333333334,0.8613412290050299,0.9523809523809523,0.36666666666666664,0.7380702376275552,21,20
T1,diversity,7,T1_diversity_seed07,PASS,0.8273809523809524,1.0,0.14583333333333334,0.8786853620652743,0.9090909090909091,0.3333333333333333,0.7380702376275552,22,20
T1,coverage-only,7,T1_coverage-only_seed07,PASS,0.7142857142857141,0.8571428571428571,0.125,0.7840723338208276,1.0,0.2833333333333333,0.6237278128977548,17,17
T1,random,8,T1_random_seed08,PASS,0.4523809523809523,0.5714285714285714,0.08333333333333333,0.6406426982957876,1.0,0.1,0.44243359400306215,6,6
T1,greedy,8,T1_greedy_seed08,PASS,0.7916666666666666,1.0,0.14583333333333334,0.8268940383221284,0.9523809523809523,0.35,0.7558688365790122,21,20
T1,uncertainty,8,T1_uncertainty_seed08,PASS,0.8035714285714285,1.0,0.14583333333333334,0.8764164079520116,1.0,0.3333333333333333,0.6912085434900209,19,19
T1,diversity,8,T1_diversity_seed08,PASS,0.8392857142857143,1.0,0.14583333333333334,0.8847517710716765,0.9047619047619048,0.31666666666666665,0.7000978077090788,21,19
T1,coverage-only,8,T1_coverage-only_seed08,PASS,0.636904761904762,0.7142857142857143,0.10416666666666667,0.7273352715867379,1.0,0.23333333333333334,0.4662372803874919,14,14
T1,random,9,T1_random_seed09,PASS,0.5595238095238094,0.7142857142857143,0.08333333333333333,0.626654982909037,1.0,0.15,0.6042397037528585,9,9
T1,greedy,9,T1_greedy_seed09,PASS,0.8452380952380952,1.0,0.125,0.8474942312699092,0.9523809523809523,0.3333333333333333,0.7558688365790122,21,20
T1,uncertainty,9,T1_uncertainty_seed09,PASS,0.8095238095238096,1.0,0.125,0.8614207417717774,1.0,0.31666666666666665,0.7162491200075827,19,19
T1,diversity,9,T1_diversity_seed09,PASS,0.8333333333333334,1.0,0.125,0.841465823449233,0.9,0.3,0.7014185510047397,20,18
T1,coverage-only,9,T1_coverage-only_seed09,PASS,0.6785714285714285,0.7142857142857143,0.08333333333333333,0.7069840103421344,1.0,0.23333333333333334,0.5743888921437899,14,14
T1,random,10,T1_random_seed10,PASS,0.3392857142857142,0.5714285714285714,0.0625,0.6037593748197109,0.9,0.15,0.5707694629982825,10,9
T1,greedy,10,T1_greedy_seed10,PASS,0.7976190476190476,1.0,0.125,0.8129146401339159,0.9523809523809523,0.35,0.762072232869761,21,20
T1,uncertainty,10,T1_uncertainty_seed10,PASS,0.8095238095238096,1.0,0.125,0.8507265656888495,1.0,0.3333333333333333,0.6857610708930546,19,19
T1,diversity,10,T1_diversity_seed10,PASS,0.8690476190476191,1.0,0.125,0.8230802607240949,0.9047619047619048,0.31666666666666665,0.7111765310460948,21,19
T1,coverage-only,10,T1_coverage-only_seed10,PASS,0.7440476190476191,0.8571428571428571,0.10416666666666667,0.7266788441924219,1.0,0.26666666666666666,0.5261780232275138,16,16
T1,random,11,T1_random_seed11,PASS,0.32738095238095233,0.42857142857142855,0.020833333333333332,0.4569835314848896,1.0,0.1,0.5041552339871611,6,6
T1,greedy,11,T1_greedy_seed11,PASS,0.8630952380952381,1.0,0.10416666666666667,0.8525759262464399,0.9090909090909091,0.36666666666666664,0.762072232869761,22,20
T1,uncertainty,11,T1_uncertainty_seed11,PASS,0.75,0.8571428571428571,0.08333333333333333,0.7915186827939613,0.9473684210526315,0.3333333333333333,0.651507259541204,19,18
T1,diversity,11,T1_diversity_seed11,PASS,0.8988095238095237,1.0,0.10416666666666667,0.8918993784559955,0.9047619047619048,0.31666666666666665,0.7000978077090788,21,19
T1,coverage-only,11,T1_coverage-only_seed11,PASS,0.7619047619047619,0.8571428571428571,0.08333333333333333,0.7266788441924219,1.0,0.26666666666666666,0.4662372803874919,16,16
T1,random,12,T1_random_seed12,PASS,0.6428571428571428,0.8571428571428571,0.08333333333333333,0.8405468787811061,0.6666666666666666,0.13333333333333333,0.6273096242040342,9,6
T1,greedy,12,T1_greedy_seed12,PASS,0.8154761904761904,1.0,0.10416666666666667,0.8525759262464399,0.9090909090909091,0.36666666666666664,0.762072232869761,22,20
T1,uncertainty,12,T1_uncertainty_seed12,PASS,0.8392857142857143,1.0,0.10416666666666667,0.8507265656888496,0.95,0.35,0.710099412069704,20,19
T1,diversity,12,T1_diversity_seed12,PASS,0.8630952380952381,1.0,0.10416666666666667,0.8603378005258621,0.9047619047619048,0.31666666666666665,0.7071771140162046,21,19
T1,coverage-only,12,T1_coverage-only_seed12,PASS,0.6607142857142857,0.7142857142857143,0.0625,0.679386560548651,1.0,0.21666666666666667,0.4662372803874919,13,13
T1,random,13,T1_random_seed13,PASS,0.5833333333333334,0.7142857142857143,0.08333333333333333,0.7093617596304648,0.8888888888888888,0.15,0.5736189686452977,9,8
T1,greedy,13,T1_greedy_seed13,PASS,0.8333333333333334,1.0,0.125,0.8341993560824204,0.9130434782608695,0.38333333333333336,0.762072232869761,23,21
T1,uncertainty,13,T1_uncertainty_seed13,PASS,0.7976190476190476,1.0,0.125,0.8613412290050299,0.9523809523809523,0.36666666666666664,0.7520057006341131,21,20
T1,diversity,13,T1_diversity_seed13,PASS,0.8452380952380952,1.0,0.125,0.8832648206811904,0.9090909090909091,0.35,0.7543235861223959,22,20
T1,coverage-only,13,T1_coverage-only_seed13,PASS,0.6785714285714285,0.7142857142857143,0.08333333333333333,0.653654682481227,0.9090909090909091,0.16666666666666666,0.45438806754539424,11,10
T1,random,14,T1_random_seed14,PASS,0.39285714285714285,0.42857142857142855,0.041666666666666664,0.5188855691542744,0.8,0.15,0.5073138718042614,10,8
T1,greedy,14,T1_greedy_seed14,PASS,0.7976190476190476,1.0,0.125,0.8268940383221284,0.9130434782608695,0.36666666666666664,0.7903372203190397,23,21
T1,uncertainty,14,T1_uncertainty_seed14,PASS,0.8214285714285715,1.0,0.125,0.8614207417717774,0.95,0.3333333333333333,0.6918434116737162,20,19
T1,diversity,14,T1_diversity_seed14,PASS,0.8571428571428571,1.0,0.125,0.860337800525862,0.8636363636363636,0.3333333333333333,0.7024283028239134,22,19
T1,coverage-only,14,T1_coverage-only_seed14,PASS,0.6190476190476191,0.7142857142857143,0.08333333333333333,0.6433749884383234,0.9375,0.26666666666666666,0.5743888921437899,16,15
T1,random,15,T1_random_seed15,PASS,0.2916666666666666,0.42857142857142855,0.0625,0.5,1.0,0.08333333333333333,0.524451504204003,5,5
T1,greedy,15,T1_greedy_seed15,PASS,0.7797619047619048,1.0,0.14583333333333334,0.8341993560824204,0.9130434782608695,0.38333333333333336,0.762072232869761,23,21
T1,uncertainty,15,T1_uncertainty_seed15,PASS,0.7916666666666666,1.0,0.14583333333333334,0.8613412290050299,0.9523809523809523,0.36666666666666664,0.7389047855104784,21,20
T1,diversity,15,T1_diversity_seed15,PASS,0.8630952380952381,1.0,0.14583333333333334,0.8786853620652743,0.8636363636363636,0.35,0.7121417362121142,22,19
T1,coverage-only,15,T1_coverage-only_seed15,PASS,0.636904761904762,0.7142857142857143,0.10416666666666667,0.679386560548651,1.0,0.21666666666666667,0.45438806754539424,13,13
T1,random,16,T1_random_seed16,PASS,0.4642857142857142,0.5714285714285714,0.041666666666666664,0.5833333333333334,1.0,0.13333333333333333,0.48804729927587365,8,8
T1,greedy,16,T1_greedy_seed16,PASS,0.8154761904761904,1.0,0.10416666666666667,0.8129146401339159,0.9090909090909091,0.36666666666666664,0.762072232869761,22,20
T1,uncertainty,16,T1_uncertainty_seed16,PASS,0.8392857142857143,1.0,0.10416666666666667,0.8481771013829448,0.95,0.35,0.6770128426708732,20,19
T1,diversity,16,T1_diversity_seed16,PASS,0.875,1.0,0.10416666666666667,0.8455360847971666,0.9047619047619048,0.3333333333333333,0.695268843066861,21,19
T1,coverage-only,16,T1_coverage-only_seed16,PASS,0.6607142857142857,0.7142857142857143,0.0625,0.679386560548651,1.0,0.21666666666666667,0.38253418505503206,13,13
T1,random,17,T1_random_seed17,PASS,0.24999999999999997,0.5714285714285714,0.08333333333333333,0.4822055558760695,0.8181818181818182,0.16666666666666666,0.4744321696207088,11,9
T1,greedy,17,T1_greedy_seed17,PASS,0.7797619047619048,1.0,0.14583333333333334,0.8341993560824204,0.9130434782608695,0.38333333333333336,0.762072232869761,23,21
T1,uncertainty,17,T1_uncertainty_seed17,PASS,0.7916666666666666,1.0,0.14583333333333334,0.8613412290050299,0.9523809523809523,0.36666666666666664,0.7228443325519325,21,20
T1,diversity,17,T1_diversity_seed17,PASS,0.8392857142857143,1.0,0.14583333333333334,0.8832648206811904,0.9090909090909091,0.35,0.7228443325519325,22,20
T1,coverage-only,17,T1_coverage-only_seed17,PASS,0.636904761904762,0.7142857142857143,0.10416666666666667,0.679386560548651,1.0,0.21666666666666667,0.4399015807140484,13,13
T1,random,18,T1_random_seed18,PASS,0.08333333333333333,0.2857142857142857,0.041666666666666664,0.32365019815155627,1.0,0.1,0.5055795457364306,6,6
T1,greedy,18,T1_greedy_seed18,PASS,0.7916666666666666,1.0,0.14583333333333334,0.8054999283272369,0.9523809523809523,0.3333333333333333,0.7415992981480041,21,20
T1,uncertainty,18,T1_uncertainty_seed18,PASS,0.7797619047619048,1.0,0.14583333333333334,0.8647059638770619,1.0,0.31666666666666665,0.7172588718267563,19,19
T1,diversity,18,T1_diversity_seed18,PASS,0.7916666666666666,1.0,0.14583333333333334,0.8786853620652743,0.9523809523809523,0.3333333333333333,0.7169521823657125,21,20
T1,coverage-only,18,T1_coverage-only_seed18,PASS,0.6488095238095238,0.7142857142857143,0.10416666666666667,0.679386560548651,1.0,0.21666666666666667,0.4662372803874919,13,13
T1,random,19,T1_random_seed19,PASS,0.1964285714285714,0.42857142857142855,0.0625,0.5,1.0,0.1,0.47855999369755603,6,6
T1,greedy,19,T1_greedy_seed19,PASS,0.8035714285714285,1.0,0.14583333333333334,0.8129146401339159,0.9090909090909091,0.36666666666666664,0.762072232869761,22,20
T1,uncertainty,19,T1_uncertainty_seed19,PASS,0.8035714285714285,1.0,0.14583333333333334,0.8647059638770619,0.95,0.35,0.686726276059074,20,19
T1,diversity,19,T1_diversity_seed19,PASS,0.8511904761904763,1.0,0.14583333333333334,0.860337800525862,0.9523809523809523,0.3333333333333333,0.7228443325519325,21,20
T1,coverage-only,19,T1_coverage-only_seed19,PASS,0.625,0.7142857142857143,0.10416666666666667,0.6234179388105408,1.0,0.25,0.5198486150092677,15,15
T2,random,0,T2_random_seed00,PASS,0.2916666666666667,0.4,0.020833333333333332,0.33333333333333337,0.6666666666666666,0.03333333333333333,0.43398839032463654,3,2
T2,greedy,0,T2_greedy_seed00,PASS,0.9166666666666666,1.0,0.08333333333333333,0.7289014486366749,0.7058823529411765,0.25,0.7152142349248274,17,12
T2,uncertainty,0,T2_uncertainty_seed00,PASS,0.9333333333333332,1.0,0.08333333333333333,0.7289014486366749,0.7058823529411765,0.25,0.690644483185815,17,12
T2,diversity,0,T2_diversity_seed00,PASS,0.9,1.0,0.08333333333333333,0.6862712967770672,0.7333333333333333,0.21666666666666667,0.6983968967919847,15,11
T2,coverage-only,0,T2_coverage-only_seed00,PASS,0.9500000000000001,1.0,0.08333333333333333,0.7505430557959409,1.0,0.11666666666666667,0.2632611959573689,7,7
T2,random,1,T2_random_seed01,PASS,0.375,0.6,0.0625,0.5,1.0,0.08333333333333333,0.38300635683546,5,5
T2,greedy,1,T2_greedy_seed01,PASS,0.8916666666666666,1.0,0.10416666666666667,0.7289014486366749,0.75,0.25,0.7003804200029649,16,12
T2,uncertainty,1,T2_uncertainty_seed01,PASS,0.9083333333333333,1.0,0.10416666666666667,0.7289014486366749,0.75,0.25,0.6210693222316752,16,12
T2,diversity,1,T2_diversity_seed01,PASS,0.8916666666666666,1.0,0.10416666666666667,0.653654682481227,0.7333333333333333,0.21666666666666667,0.710742362193783,15,11
T2,coverage-only,1,T2_coverage-only_seed01,PASS,0.9249999999999999,1.0,0.10416666666666667,0.7185463540765222,1.0,0.13333333333333333,0.31451494052641643,8,8
T2,random,2,T2_random_seed02,PASS,0.08333333333333333,0.4,0.041666666666666664,0.33333333333333337,0.5,0.06666666666666667,0.4912054641918936,4,2
T2,greedy,2,T2_greedy_seed02,PASS,0.8916666666666666,1.0,0.10416666666666667,0.7289014486366749,0.7058823529411765,0.25,0.7003804200029649,17,12
T2,uncertainty,2,T2_uncertainty_seed02,PASS,0.9083333333333333,1.0,0.10416666666666667,0.7289014486366749,0.7058823529411765,0.25,0.6821341122545819,17,12
T2,diversity,2,T2_diversity_seed02,PASS,0.9083333333333333,1.0,0.10416666666666667,0.6801244645628322,0.75,0.25,0.6898401524569693,16,12
T2,coverage-only,2,T2_coverage-only_seed02,PASS,0.7500000000000001,0.8,0.08333333333333333,0.6406426982957876,0.8571428571428571,0.11666666666666667,0.29539152496149507,7,6
T2,random,3,T2_random_seed03,PASS,0.39166666666666666,0.4,0.020833333333333332,0.32365019815155627,0.75,0.11666666666666667,0.6166290212890277,8,6
T2,greedy,3,T2_greedy_seed03,PASS,0.9166666666666666,1.0,0.08333333333333333,0.7289014486366749,0.7058823529411765,0.25,0.7283498390915277,17,12
T2,uncertainty,3,T2_uncertainty_seed03,PASS,0.9333333333333332,1.0,0.08333333333333333,0.7289014486366749,0.7058823529411765,0.25,0.690644483185815,17,12
T2,diversity,3,T2_diversity_seed03,PASS,0.9333333333333332,1.0,0.08333333333333333,0.6801244645628322,0.75,0.23333333333333334,0.6738115326140942,16,12
T2,coverage-only,3,T2_coverage-only_seed03,PASS,0.9500000000000001,1.0,0.08333333333333333,0.7505430557959409,1.0,0.11666666666666667,0.3116574586357618,7,7
T2,random,4,T2_random_seed04,PASS,0.3083333333333333,0.4,0.020833333333333332,0.33333333333333337,1.0,0.05,0.5519320261665397,3,3
T2,greedy,4,T2_greedy_seed04,PASS,0.9166666666666666,1.0,0.08333333333333333,0.7295739585136224,0.7222222222222222,0.26666666666666666,0.7490937831970443,18,13
T2,uncertainty,4,T2_uncertainty_seed04,PASS,0.9166666666666666,1.0,0.08333333333333333,0.7295739585136224,0.7222222222222222,0.26666666666666666,0.6936170982285542,18,13
T2,diversity,4,T2_diversity_seed04,PASS,0.9333333333333332,1.0,0.08333333333333333,0.653654682481227,0.75,0.23333333333333334,0.6797685904588651,16,12
T2,coverage-only,4,T2_coverage-only_seed04,PASS,0.9333333333333332,1.0,0.08333333333333333,0.7185463540765222,1.0,0.15,0.34862949301567947,9,9
T2,random,5,T2_random_seed05,PASS,0.7083333333333334,0.8,0.0625,0.6394319446848299,0.6666666666666666,0.13333333333333333,0.47576795922949466,9,6
T2,greedy,5,T2_greedy_seed05,PASS,0.9166666666666666,1.0,0.08333333333333333,0.7289014486366749,0.7058823529411765,0.25,0.7082810713798834,17,12
T2,uncertainty,5,T2_uncertainty_seed05,PASS,0.9166666666666666,1.0,0.08333333333333333,0.7289014486366749,0.7058823529411765,0.25,0.6147333329177121,17,12
T2,diversity,5,T2_diversity_seed05,PASS,0.9,1.0,0.08333333333333333,0.6266549829090371,0.7333333333333333,0.21666666666666667,0.7056101484722028,15,11
T2,coverage-only,5,T2_coverage-only_seed05,PASS,0.7583333333333334,0.8,0.0625,0.6141236643923695,1.0,0.13333333333333333,0.30637401257626157,8,8
T2,random,6,T2_random_seed06,PASS,0.7833333333333333,0.8,0.041666666666666664,0.6666666666666667,0.8571428571428571,0.1,0.5099380441143151,7,6
T2,greedy,6,T2_greedy_seed06,PASS,0.9583333333333334,1.0,0.0625,0.7295739585136224,0.7222222222222222,0.26666666666666666,0.7003804200029649,18,13
T2,uncertainty,6,T2_uncertainty_seed06,PASS,0.9583333333333334,1.0,0.0625,0.7295739585136224,0.7222222222222222,0.26666666666666666,0.6453975375672993,18,13
T2,diversity,6,T2_diversity_seed06,PASS,0.975,1.0,0.0625,0.6848617231125999,0.7222222222222222,0.25,0.6917558548192302,18,13
T2,coverage-only,6,T2_coverage-only_seed06,PASS,0.9583333333333334,1.0,0.0625,0.7185463540765222,1.0,0.15,0.3667986094393692,9,9
T2,random,7,T2_random_seed07,PASS,0.21666666666666665,0.4,0.041666666666666664,0.2704260414863776,0.7142857142857143,0.08333333333333333,0.5960889441945729,7,5
T2,greedy,7,T2_greedy_seed07,PASS,0.8916666666666666,1.0,0.10416666666666667,0.7295739585136224,0.7222222222222222,0.26666666666666666,0.7152142349248274,18,13
T2,uncertainty,7,T2_uncertainty_seed07,PASS,0.9083333333333333,1.0,0.10416666666666667,0.7295739585136224,0.7222222222222222,0.26666666666666666,0.6829190223489408,18,13
T2,diversity,7,T2_diversity_seed07,PASS,0.8916666666666666,1.0,0.10416666666666667,0.6801244645628322,0.75,0.23333333333333334,0.6898401524569693,16,12
T2,coverage-only,7,T2_coverage-only_seed07,PASS,0.9249999999999999,1.0,0.10416666666666667,0.7185463540765222,1.0,0.13333333333333333,0.3667986094393692,8,8
T2,random,8,T2_random_seed08,PASS,0.5499999999999999,0.8,0.08333333333333333,0.6406426982957876,0.8571428571428571,0.1,0.4433724669062761,7,6
T2,greedy,8,T2_greedy_seed08,PASS,0.8916666666666666,1.0,0.10416666666666667,0.7289014486366749,0.7058823529411765,0.25,0.7082810713798834,17,12
T2,uncertainty,8,T2_uncertainty_seed08,PASS,0.9083333333333333,1.0,0.10416666666666667,0.7289014486366749,0.7058823529411765,0.25,0.5877905138716324,17,12
T2,diversity,8,T2_diversity_seed08,PASS,0.8916666666666666,1.0,0.10416666666666667,0.653654682481227,0.75,0.23333333333333334,0.6691804219010555,16,12
T2,coverage-only,8,T2_coverage-only_seed08,PASS,0.7500000000000001,0.8,0.08333333333333333,0.6141236643923695,1.0,0.11666666666666667,0.29539152496149507,7,7
T2,random,9,T2_random_seed09,PASS,0.3416666666666666,0.4,0.020833333333333332,0.2704260414863776,1.0,0.06666666666666667,0.5429533270056711,4,4
T2,greedy,9,T2_greedy_seed09,PASS,0.9166666666666666,1.0,0.08333333333333333,0.7295739585136224,0.7222222222222222,0.26666666666666666,0.7094783610754217,18,13
T2,uncertainty,9,T2_uncertainty_seed09,PASS,0.9333333333333332,1.0,0.08333333333333333,0.7295739585136224,0.7222222222222222,0.26666666666666666,0.690644483185815,18,13
T2,diversity,9,T2_diversity_seed09,PASS,0.9333333333333332,1.0,0.08333333333333333,0.6848617231125999,0.7647058823529411,0.26666666666666666,0.7079130239178729,17,13
T2,coverage-only,9,T2_coverage-only_seed09,PASS,0.9500000000000001,1.0,0.08333333333333333,0.7505430557959409,1.0,0.11666666666666667,0.31451494052641643,7,7
T2,random,10,T2_random_seed10,PASS,0.35833333333333334,0.4,0.020833333333333332,0.3060986113514965,1.0,0.08333333333333333,0.47503648049354175,5,5
T2,greedy,10,T2_greedy_seed10,PASS,0.9333333333333332,1.0,0.08333333333333333,0.7295739585136224,0.7222222222222222,0.26666666666666666,0.7116520797436225,18,13
T2,uncertainty,10,T2_uncertainty_seed10,PASS,0.9500000000000001,1.0,0.08333333333333333,0.7295739585136224,0.7222222222222222,0.26666666666666666,0.689573480262522,18,13
T2,diversity,10,T2_diversity_seed10,PASS,0.9666666666666667,1.0,0.08333333333333333,0.6848617231125999,0.7647058823529411,0.25,0.6691804219010555,17,13
T2,coverage-only,10,T2_coverage-only_seed10,PASS,0.775,0.8,0.0625,0.6394319446848299,1.0,0.11666666666666667,0.2919009116656571,7,7
T2,random,11,T2_random_seed11,PASS,0.4083333333333334,0.6,0.020833333333333332,0.5073093649624542,1.0,0.08333333333333333,0.5215171470827611,5,5
T2,greedy,11,T2_greedy_seed11,PASS,0.9416666666666668,1.0,0.0625,0.7289014486366749,0.7058823529411765,0.25,0.6889799738934508,17,12
T2,uncertainty,11,T2_uncertainty_seed11,PASS,0.9583333333333334,1.0,0.0625,0.7289014486366749,0.7058823529411765,0.25,0.6062466118961114,17,12
T2,diversity,11,T2_diversity_seed11,PASS,0.9416666666666668,1.0,0.0625,0.6801244645628322,0.7058823529411765,0.23333333333333334,0.7082810713798834,17,12
T2,coverage-only,11,T2_coverage-only_seed11,PASS,0.9583333333333334,1.0,0.0625,0.7505430557959409,1.0,0.11666666666666667,0.2919009116656571,7,7
T2,random,12,T2_random_seed12,PASS,0.25833333333333336,0.4,0.020833333333333332,0.3060986113514965,0.75,0.05,0.5834702608963852,4,3
T2,greedy,12,T2_greedy_seed12,PASS,0.9166666666666666,1.0,0.08333333333333333,0.7289014486366749,0.7058823529411765,0.25,0.7152142349248274,17,12
T2,uncertainty,12,T2_uncertainty_seed12,PASS,0.9333333333333332,1.0,0.08333333333333333,0.7289014486366749,0.7058823529411765,0.23333333333333334,0.6943005479718696,17,12
T2,diversity,12,T2_diversity_seed12,PASS,0.9166666666666666,1.0,0.08333333333333333,0.6862712967770672,0.7333333333333333,0.21666666666666667,0.6861195674765962,15,11
T2,coverage-only,12,T2_coverage-only_seed12,PASS,0.9500000000000001,1.0,0.08333333333333333,0.7505430557959409,1.0,0.11666666666666667,0.31451494052641643,7,7
T2,random,13,T2_random_seed13,PASS,0.39999999999999997,0.6,0.041666666666666664,0.5,0.5,0.1,0.6148207420810591,8,4
T2,greedy,13,T2_greedy_seed13,PASS,0.9166666666666666,1.0,0.08333333333333333,0.7295739585136224,0.7222222222222222,0.26666666666666666,0.7003804200029649,18,13
T2,uncertainty,13,T2_uncertainty_seed13,PASS,0.9333333333333332,1.0,0.08333333333333333,0.7295739585136224,0.7222222222222222,0.26666666666666666,0.6735773211427426,18,13
T2,diversity,13,T2_diversity_seed13,PASS,0.9166666666666666,1.0,0.08333333333333333,0.6848617231125999,0.7647058823529411,0.25,0.6983968967919847,17,13
T2,coverage-only,13,T2_coverage-only_seed13,PASS,0.775,0.8,0.0625,0.6406426982957876,0.8571428571428571,0.1,0.29539152496149507,7,6
T2,random,14,T2_random_seed14,PASS,0.5,0.8,0.041666666666666664,0.6394319446848299,1.0,0.11666666666666667,0.6047080151260243,7,7
T2,greedy,14,T2_greedy_seed14,PASS,0.9416666666666668,1.0,0.0625,0.7295739585136224,0.7222222222222222,0.26666666666666666,0.7003804200029649,18,13
T2,uncertainty,14,T2_uncertainty_seed14,PASS,0.9416666666666668,1.0,0.0625,0.7060260697832366,0.7222222222222222,0.26666666666666666,0.6210693222316752,18,13
T2,diversity,14,T2_diversity_seed14,PASS,0.9416666666666668,1.0,0.0625,0.6848617231125999,0.7647058823529411,0.25,0.6953152881128204,17,13
T2,coverage-only,14,T2_coverage-only_seed14,PASS,0.9583333333333334,1.0,0.0625,0.7453087835430109,1.0,0.11666666666666667,0.2632611959573689,7,7
T2,random,15,T2_random_seed15,PASS,0.15833333333333333,0.2,0.020833333333333332,-0.0,0.6666666666666666,0.06666666666666667,0.5445244838057394,6,4
T2,greedy,15,T2_greedy_seed15,PASS,0.8916666666666666,1.0,0.10416666666666667,0.7295739585136224,0.7222222222222222,0.26666666666666666,0.7003804200029649,18,13
T2,uncertainty,15,T2_uncertainty_seed15,PASS,0.9083333333333333,1.0,0.10416666666666667,0.7295739585136224,0.7222222222222222,0.26666666666666666,0.6210693222316752,18,13
T2,diversity,15,T2_diversity_seed15,PASS,0.8916666666666666,1.0,0.10416666666666667,0.6266549829090371,0.6875,0.21666666666666667,0.6824635026905417,16,11
T2,coverage-only,15,T2_coverage-only_seed15,PASS,0.9249999999999999,1.0,0.10416666666666667,0.7185463540765222,1.0,0.13333333333333333,0.30637401257626157,8,8
T2,random,16,T2_random_seed16,PASS,0.39999999999999997,0.6,0.041666666666666664,0.5,1.0,0.06666666666666667,0.3920434451014294,4,4
T2,greedy,16,T2_greedy_seed16,PASS,0.9166666666666666,1.0,0.08333333333333333,0.7295739585136224,0.7222222222222222,0.26666666666666666,0.7003804200029649,18,13
T2,uncertainty,16,T2_uncertainty_seed16,PASS,0.9166666666666666,1.0,0.08333333333333333,0.7295739585136224,0.7222222222222222,0.26666666666666666,0.6210693222316752,18,13
T2,diversity,16,T2_diversity_seed16,PASS,0.9333333333333332,1.0,0.08333333333333333,0.653654682481227,0.7333333333333333,0.21666666666666667,0.6824635026905417,15,11
T2,coverage-only,16,T2_coverage-only_seed16,PASS,0.9333333333333332,1.0,0.08333333333333333,0.7093617596304648,1.0,0.15,0.29539152496149507,9,9
T2,random,17,T2_random_seed17,PASS,0.3666666666666667,0.6,0.041666666666666664,0.5283208335737187,0.8333333333333334,0.1,0.4254897546662634,6,5
T2,greedy,17,T2_greedy_seed17,PASS,0.9333333333333332,1.0,0.08333333333333333,0.6801244645628322,0.7058823529411765,0.25,0.7003804200029649,17,12
T2,uncertainty,17,T2_uncertainty_seed17,PASS,0.9333333333333332,1.0,0.08333333333333333,0.6801244645628322,0.7058823529411765,0.25,0.6137719316548664,17,12
T2,diversity,17,T2_diversity_seed17,PASS,0.9333333333333332,1.0,0.08333333333333333,0.6801244645628322,0.75,0.23333333333333334,0.6824635026905417,16,12
T2,coverage-only,17,T2_coverage-only_seed17,PASS,0.775,0.8,0.0625,0.5833333333333334,1.0,0.13333333333333333,0.31451494052641643,8,8
T2,random,18,T2_random_seed18,PASS,0.31666666666666665,0.4,0.041666666666666664,0.33333333333333337,0.6666666666666666,0.1,0.600663865547149,6,4
T2,greedy,18,T2_greedy_seed18,PASS,0.8916666666666666,1.0,0.10416666666666667,0.7295739585136224,0.7222222222222222,0.26666666666666666,0.7448060871057659,18,13
T2,uncertainty,18,T2_uncertainty_seed18,PASS,0.9083333333333333,1.0,0.10416666666666667,0.7295739585136224,0.7222222222222222,0.26666666666666666,0.7071696997464682,18,13
T2,diversity,18,T2_diversity_seed18,PASS,0.875,1.0,0.10416666666666667,0.6266549829090371,0.6875,0.21666666666666667,0.7116520797436225,16,11
T2,coverage-only,18,T2_coverage-only_seed18,PASS,0.9249999999999999,1.0,0.10416666666666667,0.7185463540765222,1.0,0.13333333333333333,0.3404431684197352,8,8
T2,random,19,T2_random_seed19,PASS,0.5166666666666667,0.8,0.041666666666666664,0.6500706883049158,0.875,0.15,0.5537112289101334,8,7
T2,greedy,19,T2_greedy_seed19,PASS,0.9416666666666668,1.0,0.0625,0.7295739585136224,0.7222222222222222,0.26666666666666666,0.7152142349248274,18,13
T2,uncertainty,19,T2_uncertainty_seed19,PASS,0.9416666666666668,1.0,0.0625,0.7295739585136224,0.7222222222222222,0.26666666666666666,0.6738115326140942,18,13
T2,diversity,19,T2_diversity_seed19,PASS,0.9416666666666668,1.0,0.0625,0.6848617231125999,0.7647058823529411,0.25,0.6917558548192302,17,13
T2,coverage-only,19,T2_coverage-only_seed19,PASS,0.9583333333333334,1.0,0.0625,0.7505430557959409,0.875,0.13333333333333333,0.2632611959573689,8,7
