,coverage_auc,coverage_auc,coverage_auc,final_coverage,final_coverage,final_coverage,diversity,diversity,diversity,repeatability,repeatability,repeatability,cross_batch_agreement,cross_batch_agreement,cross_batch_agreement,cross_batch_median_cosine,cross_batch_median_cosine,cross_batch_median_cosine
,mean,std,count,mean,std,count,mean,std,count,mean,std,count,mean,std,count,mean,std,count
variant,,,,,,,,,,,,,,,,,,
QACS-coverage-only,0.9180555555555555,0.05946582388671932,20,0.9833333333333334,0.05129891760425773,20,0.7939647017123714,0.03898834679351103,20,0.809007659007659,0.05904928049731662,20,0.22916666666666666,0.025862321031237832,20,0.457780832349335,0.033244332088085714,20
QACS-full,0.8791666666666667,0.06176057072409832,20,0.9833333333333334,0.05129891760425773,20,0.7576169393587341,0.026281704024567462,20,0.8096886446886448,0.030747298866070926,20,0.26166666666666666,0.00783603909969379,20,0.5969125521122501,0.06145299889154392,20
QACS-no-batch,0.90625,0.059886893879041114,20,0.9833333333333334,0.05129891760425773,20,0.7713723707855777,0.024015169475714974,20,0.827554945054945,0.039592668495863646,20,0.2575,0.013759632458031607,20,0.6248262752485905,0.051075791756552635,20
QACS-no-repeatability,0.8618055555555555,0.05913625223824162,20,0.9833333333333334,0.05129891760425773,20,0.7514135239503924,0.04118291552935957,20,0.8096886446886448,0.030747298866070926,20,0.26166666666666666,0.00783603909969379,20,0.5616511424689205,0.06644916116860598,20
diversity,0.8840277777777779,0.06145983040764265,20,0.9833333333333334,0.05129891760425773,20,0.7291707205431919,0.037359828711263435,20,0.8938519813519813,0.03511208751103283,20,0.2191666666666666,0.008156008082159884,20,0.6294218946498485,0.025662438586330532,20
greedy,0.8770833333333332,0.062443119015714234,20,0.9833333333333334,0.05129891760425773,20,0.7794033255897694,0.03403287872802155,20,0.7708035714285715,0.03574845639746267,20,0.2733333333333333,0.01256561724875087,20,0.7290571377601995,0.012546477670657896,20
random,0.4052083333333333,0.19046516949589007,20,0.575,0.232423036371736,20,0.5093414001123282,0.25647420101898133,20,0.8707341269841271,0.10960776410986282,20,0.10999999999999996,0.029814239699997195,20,0.48179123459241885,0.07040603694138274,20
uncertainty,0.8958333333333334,0.021374549001774067,20,1.0,0.0,20,0.7670758991710505,0.026547528975518615,20,0.827554945054945,0.03959266849586366,20,0.25749999999999995,0.013759632458031594,20,0.6471551104494073,0.04194482130816507,20
