variant,seed,coverage_auc,final_coverage,diversity,repeatability,online_positive,repeat_confirmed,cross_batch_agreement,cross_batch_median_cosine,cross_batch_agreement_count
QACS-full,0,0.8819444444444443,1.0,0.7895075092427356,0.8,15,12,0.26666666666666666,0.4518875821379045,
QACS-no-repeatability,0,0.8680555555555555,1.0,0.7895075092427356,0.8,15,12,0.26666666666666666,0.4518875821379045,
QACS-no-batch,0,0.923611111111111,1.0,0.8060986113514966,0.8,15,12,0.25,0.5220570792946382,
QACS-coverage-only,0,0.923611111111111,1.0,0.8038674059915574,0.8461538461538461,13,11,0.23333333333333334,0.43605685195555505,
QACS-full,1,0.7152777777777777,0.8333333333333334,0.7073093649624542,0.8461538461538461,13,11,0.25,0.6004486160985893,
QACS-no-repeatability,1,0.7152777777777777,0.8333333333333334,0.653654682481227,0.8461538461538461,13,11,0.25,0.6004486160985893,
QACS-no-batch,1,0.7430555555555557,0.8333333333333334,0.7289014486366749,0.8461538461538461,13,11,0.23333333333333334,0.6105954255411226,
QACS-coverage-only,1,0.7569444444444445,0.8333333333333334,0.7073093649624542,0.8,10,8,0.2,0.45989150068811735,
QACS-full,2,0.888888888888889,1.0,0.7895075092427356,0.8,15,12,0.26666666666666666,0.5313767219608789,
QACS-no-repeatability,2,0.875,1.0,0.8060986113514966,0.8,15,12,0.26666666666666666,0.46863385948743924,
QACS-no-batch,2,0.9305555555555557,1.0,0.8060986113514966,0.8571428571428571,14,12,0.26666666666666666,0.5779444416910864,
QACS-coverage-only,2,0.9583333333333334,1.0,0.8060986113514966,0.8571428571428571,14,12,0.26666666666666666,0.45989150068811735,
QACS-full,3,0.8611111111111112,1.0,0.7613863759504741,0.8,15,12,0.26666666666666666,0.6560062651137732,
QACS-no-repeatability,3,0.8472222222222223,1.0,0.7407305251688928,0.8,15,12,0.26666666666666666,0.6136246536800105,
QACS-no-batch,3,0.9027777777777778,1.0,0.7613863759504741,0.8,15,12,0.26666666666666666,0.673127304245501,
QACS-coverage-only,3,0.9027777777777778,1.0,0.8272381909953577,0.8333333333333334,12,10,0.23333333333333334,0.44454278876439707,
QACS-full,4,0.875,1.0,0.7613863759504741,0.8571428571428571,14,12,0.25,0.6439633433292191,
QACS-no-repeatability,4,0.8472222222222223,1.0,0.7407305251688928,0.8571428571428571,14,12,0.25,0.6077188821419991,
QACS-no-batch,4,0.888888888888889,1.0,0.7613863759504741,0.9230769230769231,13,12,0.25,0.6556838542238095,
QACS-coverage-only,4,0.9027777777777778,1.0,0.8272381909953577,0.8181818181818182,11,9,0.21666666666666667,0.43659120675599133,
QACS-full,5,0.9166666666666666,1.0,0.7407305251688928,0.8,15,12,0.26666666666666666,0.6439633433292191,
QACS-no-repeatability,5,0.888888888888889,1.0,0.7407305251688928,0.8,15,12,0.26666666666666666,0.6439633433292191,
QACS-no-batch,5,0.9444444444444445,1.0,0.7613863759504741,0.8,15,12,0.26666666666666666,0.6152782512758151,
QACS-coverage-only,5,0.9583333333333334,1.0,0.8154797815570052,0.8,10,8,0.18333333333333332,0.43659120675599133,
QACS-full,6,0.875,1.0,0.7613863759504741,0.8,15,12,0.26666666666666666,0.6439633433292191,
QACS-no-repeatability,6,0.8472222222222223,1.0,0.7407305251688928,0.8,15,12,0.26666666666666666,0.6439633433292191,
QACS-no-batch,6,0.888888888888889,1.0,0.7613863759504741,0.75,16,12,0.2833333333333333,0.6758620106982618,
QACS-coverage-only,6,0.9027777777777778,1.0,0.7819506631127535,0.7857142857142857,14,11,0.26666666666666666,0.5481040005705373,
QACS-full,7,0.7152777777777777,0.8333333333333334,0.7073093649624542,0.7857142857142857,14,11,0.25,0.5629862804005827,
QACS-no-repeatability,7,0.7013888888888888,0.8333333333333334,0.653654682481227,0.7857142857142857,14,11,0.25,0.46863385948743924,
QACS-no-batch,7,0.7430555555555557,0.8333333333333334,0.7289014486366749,0.8461538461538461,13,11,0.23333333333333334,0.6010607882840615,
QACS-coverage-only,7,0.7569444444444445,0.8333333333333334,0.7073093649624542,0.7272727272727273,11,8,0.2,0.42788473822977957,
QACS-full,8,0.8680555555555557,1.0,0.7895075092427356,0.7333333333333333,15,11,0.26666666666666666,0.6560062651137732,
QACS-no-repeatability,8,0.8541666666666666,1.0,0.7895075092427356,0.7333333333333333,15,11,0.26666666666666666,0.6083260604067775,
QACS-no-batch,8,0.8958333333333334,1.0,0.8060986113514966,0.7857142857142857,14,11,0.26666666666666666,0.6726280137702106,
QACS-coverage-only,8,0.923611111111111,1.0,0.8060986113514966,0.7857142857142857,14,11,0.26666666666666666,0.5220570792946382,
QACS-full,9,0.9236111111111112,1.0,0.7851295140691782,0.8,15,12,0.26666666666666666,0.6133056918586304,
QACS-no-repeatability,9,0.8958333333333334,1.0,0.7895075092427356,0.8,15,12,0.26666666666666666,0.5067512964374005,
QACS-no-batch,9,0.951388888888889,1.0,0.8060986113514966,0.8571428571428571,14,12,0.26666666666666666,0.587815218378722,
QACS-coverage-only,9,0.9652777777777778,1.0,0.7895075092427356,0.75,12,9,0.23333333333333334,0.44454278876439707,
QACS-full,10,0.951388888888889,1.0,0.7407305251688928,0.8,15,12,0.26666666666666666,0.6439633433292191,
QACS-no-repeatability,10,0.8958333333333334,1.0,0.7407305251688928,0.8,15,12,0.26666666666666666,0.6051314418332818,
QACS-no-batch,10,0.951388888888889,1.0,0.7613863759504741,0.8571428571428571,14,12,0.26666666666666666,0.6301933807439011,
QACS-coverage-only,10,0.9652777777777778,1.0,0.8154797815570052,0.8181818181818182,11,9,0.21666666666666667,0.44454278876439707,
QACS-full,11,0.9166666666666666,1.0,0.7407305251688928,0.8571428571428571,14,12,0.25,0.6051314418332818,
QACS-no-repeatability,11,0.9305555555555557,1.0,0.8060986113514966,0.8571428571428571,14,12,0.25,0.5072856512378368,
QACS-no-batch,11,0.9166666666666666,1.0,0.7613863759504741,0.8571428571428571,14,12,0.25,0.5795980392868909,
QACS-coverage-only,11,0.9305555555555557,1.0,0.8060986113514966,0.9230769230769231,13,12,0.25,0.44454278876439707,
QACS-full,12,0.875,1.0,0.7819506631127535,0.8571428571428571,14,12,0.25,0.46863385948743924,
QACS-no-repeatability,12,0.8472222222222223,1.0,0.7407305251688928,0.8571428571428571,14,12,0.25,0.46863385948743924,
QACS-no-batch,12,0.888888888888889,1.0,0.7613863759504741,0.8571428571428571,14,12,0.23333333333333334,0.6758620106982618,
QACS-coverage-only,12,0.9027777777777778,1.0,0.8272381909953577,0.8181818181818182,11,9,0.2,0.43605685195555505,
QACS-full,13,0.951388888888889,1.0,0.7819506631127535,0.8571428571428571,14,12,0.25,0.6560062651137732,
QACS-no-repeatability,13,0.951388888888889,1.0,0.7613863759504741,0.8571428571428571,14,12,0.25,0.6051314418332818,
QACS-no-batch,13,0.951388888888889,1.0,0.7819506631127535,0.8571428571428571,14,12,0.25,0.673127304245501,
QACS-coverage-only,13,0.9513888888888888,1.0,0.8043628121419193,0.9,10,9,0.2,0.43605685195555505,
QACS-full,14,0.8680555555555557,1.0,0.7407305251688928,0.8,15,12,0.26666666666666666,0.5836927509877397,
QACS-no-repeatability,14,0.8680555555555555,1.0,0.7407305251688928,0.8,15,12,0.26666666666666666,0.5836927509877397,
QACS-no-batch,14,0.923611111111111,1.0,0.7613863759504741,0.8,15,12,0.26666666666666666,0.6758620106982618,
QACS-coverage-only,14,0.9375,1.0,0.8406426982957876,0.7272727272727273,11,8,0.21666666666666667,0.4558239816884475,
QACS-full,15,0.8958333333333334,1.0,0.7613863759504741,0.8,15,12,0.26666666666666666,0.6388887408086077,
QACS-no-repeatability,15,0.8680555555555555,1.0,0.7613863759504741,0.8,15,12,0.26666666666666666,0.6388887408086077,
QACS-no-batch,15,0.923611111111111,1.0,0.7819506631127535,0.8,15,12,0.26666666666666666,0.673127304245501,
QACS-coverage-only,15,0.923611111111111,1.0,0.8197159723424151,0.8333333333333334,12,10,0.23333333333333334,0.43605685195555505,
QACS-full,16,0.9027777777777778,1.0,0.7895075092427356,0.8,15,12,0.26666666666666666,0.5144586124879593,
QACS-no-repeatability,16,0.888888888888889,1.0,0.7895075092427356,0.8,15,12,0.26666666666666666,0.5144586124879593,
QACS-no-batch,16,0.9444444444444445,1.0,0.8060986113514966,0.8,15,12,0.25,0.5220570792946382,
QACS-coverage-only,16,0.9583333333333334,1.0,0.8060986113514966,0.8571428571428571,14,12,0.25,0.44454278876439707,
QACS-full,17,0.9166666666666666,1.0,0.7407305251688928,0.8,15,12,0.26666666666666666,0.6051314418332818,
QACS-no-repeatability,17,0.888888888888889,1.0,0.7407305251688928,0.8,15,12,0.26666666666666666,0.6051314418332818,
QACS-no-batch,17,0.9444444444444445,1.0,0.7613863759504741,0.8,15,12,0.25,0.5795980392868909,
QACS-coverage-only,17,0.9583333333333334,1.0,0.7407305251688928,0.6923076923076923,13,9,0.21666666666666667,0.45989150068811735,
QACS-full,18,0.8819444444444443,1.0,0.7407305251688928,0.8,15,12,0.26666666666666666,0.6133056918586304,
QACS-no-repeatability,18,0.8680555555555555,1.0,0.7613863759504741,0.8,15,12,0.26666666666666666,0.5839661158955821,
QACS-no-batch,18,0.923611111111111,1.0,0.7613863759504741,0.8571428571428571,14,12,0.26666666666666666,0.6273211730603693,
QACS-coverage-only,18,0.923611111111111,1.0,0.7407305251688928,0.75,12,9,0.23333333333333334,0.5220570792946382,
QACS-full,19,0.9027777777777778,1.0,0.7407305251688928,0.8,15,12,0.26666666666666666,0.6051314418332818,
QACS-no-repeatability,19,0.888888888888889,1.0,0.7407305251688928,0.8,15,12,0.26666666666666666,0.5067512964374005,
QACS-no-batch,19,0.9444444444444445,1.0,0.7613863759504741,0.8,15,12,0.26666666666666666,0.6677267760083636,
QACS-coverage-only,19,0.9583333333333334,1.0,0.8060986113514966,0.8571428571428571,14,12,0.26666666666666666,0.45989150068811735,
random,0,0.3263888888888889,0.3333333333333333,0.3333333333333333,0.8571428571428571,7,6,0.1166666666666666,0.4639844075120937,7.0
greedy,0,0.8958333333333334,1.0,0.8272381909953577,0.75,16,12,0.2666666666666666,0.7388797278778498,16.0
uncertainty,0,0.8958333333333334,1.0,0.8272381909953577,0.8,15,12,0.25,0.5757489368037512,15.0
diversity,0,0.9097222222222222,1.0,0.7739760316291207,0.9166666666666666,12,11,0.2166666666666666,0.6388887408086077,13.0
random,1,0.236111111111111,0.6666666666666666,0.6394319446848299,1.0,6,6,0.1166666666666666,0.5455890368496109,7.0
greedy,1,0.7152777777777777,0.8333333333333334,0.7073093649624542,0.7857142857142857,14,11,0.25,0.7138678454774232,15.0
uncertainty,1,0.875,1.0,0.7895075092427356,0.8461538461538461,13,11,0.2333333333333333,0.6392805175945266,14.0
diversity,1,0.7152777777777777,0.8333333333333334,0.653654682481227,0.8333333333333334,12,10,0.2166666666666666,0.6094952724810438,13.0
random,2,0.375,0.6666666666666666,0.5974937501201928,1.0,5,5,0.0833333333333333,0.3926528717992101,5.0
greedy,2,0.9027777777777776,1.0,0.7895075092427356,0.75,16,12,0.2833333333333333,0.6976936986863783,17.0
uncertainty,2,0.888888888888889,1.0,0.7613863759504741,0.8571428571428571,14,12,0.2666666666666666,0.6285397831480964,16.0
diversity,2,0.9166666666666666,1.0,0.7203213491478938,0.9166666666666666,12,11,0.2166666666666666,0.5870340271400235,13.0
random,3,0.5,0.6666666666666666,0.6394319446848298,0.8333333333333334,6,5,0.1166666666666666,0.5229474258604037,7.0
greedy,3,0.8611111111111112,1.0,0.7895075092427356,0.75,16,12,0.2833333333333333,0.7274479196301447,17.0
uncertainty,3,0.875,1.0,0.7407305251688928,0.8,15,12,0.2666666666666666,0.6818659827611099,16.0
diversity,3,0.888888888888889,1.0,0.7203213491478938,0.9166666666666666,12,11,0.2166666666666666,0.6439633433292191,13.0
random,4,0.173611111111111,0.5,0.5283208335737187,1.0,3,3,0.05,0.4466246267439336,3.0
greedy,4,0.8472222222222222,1.0,0.7895075092427356,0.8571428571428571,14,12,0.2666666666666666,0.7306089932229566,16.0
uncertainty,4,0.875,1.0,0.7407305251688928,0.9230769230769232,13,12,0.25,0.6556838542238095,15.0
diversity,4,0.8472222222222223,1.0,0.7203213491478938,0.9166666666666666,12,11,0.2166666666666666,0.6388887408086077,13.0
random,5,0.4097222222222221,0.5,0.4172097224626076,0.7777777777777778,9,7,0.15,0.4368692102392496,9.0
greedy,5,0.9027777777777776,1.0,0.7407305251688928,0.75,16,12,0.2833333333333333,0.7274479196301447,17.0
uncertainty,5,0.9305555555555556,1.0,0.7613863759504741,0.8,15,12,0.2666666666666666,0.6152782512758151,16.0
diversity,5,0.9027777777777776,1.0,0.7203213491478938,0.9166666666666666,12,11,0.2166666666666666,0.6388887408086077,13.0
random,6,0.0902777777777777,0.1666666666666666,-0.0,0.8333333333333334,6,5,0.1,0.5861616207829174,6.0
greedy,6,0.8472222222222222,1.0,0.7895075092427356,0.75,16,12,0.2833333333333333,0.7388797278778498,17.0
uncertainty,6,0.875,1.0,0.7895075092427356,0.75,16,12,0.2833333333333333,0.6867197994752844,17.0
diversity,6,0.875,1.0,0.7203213491478938,0.8461538461538461,13,11,0.2333333333333333,0.6560062651137732,14.0
random,7,0.2083333333333333,0.3333333333333333,0.2704260414863776,0.6666666666666666,6,4,0.1,0.5502673472517007,6.0
greedy,7,0.7152777777777777,0.8333333333333334,0.7073093649624542,0.7857142857142857,14,11,0.25,0.7160994246789997,15.0
uncertainty,7,0.875,1.0,0.7739760316291207,0.8461538461538461,13,11,0.2333333333333333,0.6010607882840615,14.0
diversity,7,0.7291666666666665,0.8333333333333334,0.626654982909037,0.9090909090909092,11,10,0.2,0.5757918658702337,12.0
random,8,0.3333333333333333,0.8333333333333334,0.7505430557959409,0.8333333333333334,6,5,0.1166666666666666,0.4086800490913207,7.0
greedy,8,0.8819444444444443,1.0,0.7895075092427356,0.6875,16,11,0.2833333333333333,0.7388797278778498,17.0
uncertainty,8,0.8819444444444443,1.0,0.7613863759504741,0.7857142857142857,14,11,0.2666666666666666,0.6726280137702106,16.0
diversity,8,0.8958333333333334,1.0,0.7203213491478938,0.8333333333333334,12,10,0.2166666666666666,0.6439633433292191,13.0
random,9,0.6944444444444445,0.8333333333333334,0.75,0.875,8,7,0.1333333333333333,0.5776254798697062,8.0
greedy,9,0.9375,1.0,0.8272381909953577,0.8,15,12,0.2833333333333333,0.7388797278778498,17.0
uncertainty,9,0.9236111111111112,1.0,0.8197159723424151,0.8571428571428571,14,12,0.2666666666666666,0.6301933807439011,16.0
diversity,9,0.9375,1.0,0.7739760316291207,0.9166666666666666,12,11,0.2166666666666666,0.6439633433292191,13.0
random,10,0.6458333333333334,0.6666666666666666,0.6406426982957876,0.75,8,6,0.1333333333333333,0.4807306848616285,8.0
greedy,10,0.9375,1.0,0.7407305251688928,0.8,15,12,0.2833333333333333,0.7388797278778498,17.0
uncertainty,10,0.9375,1.0,0.7407305251688928,0.8571428571428571,14,12,0.2666666666666666,0.673333690144656,16.0
diversity,10,0.9375,1.0,0.7203213491478938,0.8461538461538461,13,11,0.2333333333333333,0.6388887408086077,14.0
random,11,0.6458333333333333,0.8333333333333334,0.7323865744747166,1.0,9,9,0.1666666666666666,0.5481764771583282,10.0
greedy,11,0.9166666666666666,1.0,0.7895075092427356,0.8,15,12,0.2666666666666666,0.7160994246789997,16.0
uncertainty,11,0.888888888888889,1.0,0.7613863759504741,0.8571428571428571,14,12,0.25,0.6297345742878195,15.0
diversity,11,0.9305555555555556,1.0,0.7739760316291209,0.9166666666666666,12,11,0.2166666666666666,0.6122981142686207,13.0
random,12,0.1597222222222222,0.1666666666666666,-0.0,0.75,4,3,0.0666666666666666,0.4631687750619548,4.0
greedy,12,0.8472222222222222,1.0,0.7895075092427356,0.8,15,12,0.25,0.7238914271170425,15.0
uncertainty,12,0.8611111111111112,1.0,0.7613863759504741,0.8571428571428571,14,12,0.2333333333333333,0.6983993750608237,14.0
diversity,12,0.8472222222222222,1.0,0.7203213491478938,0.9166666666666666,12,11,0.2166666666666666,0.6439633433292191,13.0
random,13,0.5625000000000001,0.6666666666666666,0.6394319446848299,0.8571428571428571,7,6,0.1166666666666666,0.5370955657492196,7.0
greedy,13,0.9375,1.0,0.8060986113514966,0.8,15,12,0.2666666666666666,0.7238914271170425,16.0
uncertainty,13,0.9236111111111112,1.0,0.7613863759504741,0.8571428571428571,14,12,0.25,0.6983993750608237,15.0
diversity,13,0.923611111111111,1.0,0.7613863759504739,0.9166666666666666,12,11,0.2166666666666666,0.6335291792824531,13.0
random,14,0.1666666666666666,0.1666666666666666,-0.0,0.7142857142857143,7,5,0.1,0.4075086927711268,6.0
greedy,14,0.8819444444444443,1.0,0.7407305251688928,0.75,16,12,0.2833333333333333,0.7463894598406597,17.0
uncertainty,14,0.8958333333333334,1.0,0.7407305251688928,0.8,15,12,0.2666666666666666,0.673333690144656,16.0
diversity,14,0.8680555555555557,1.0,0.7203213491478938,0.9166666666666666,12,11,0.2166666666666666,0.6439633433292191,13.0
random,15,0.3472222222222221,0.5,0.5283208335737187,1.0,3,3,0.0666666666666666,0.4056335103410774,4.0
greedy,15,0.8958333333333334,1.0,0.8060986113514966,0.75,16,12,0.2833333333333333,0.7388797278778498,17.0
uncertainty,15,0.8958333333333334,1.0,0.7613863759504741,0.8,15,12,0.2666666666666666,0.6983993750608237,16.0
diversity,15,0.8958333333333334,1.0,0.7407305251688928,0.8461538461538461,13,11,0.2333333333333333,0.676950050635633,14.0
random,16,0.5277777777777778,0.6666666666666666,0.5974937501201928,1.0,5,5,0.0833333333333333,0.3457384848022031,5.0
greedy,16,0.9027777777777776,1.0,0.7895075092427356,0.75,16,12,0.2666666666666666,0.7160994246789997,16.0
uncertainty,16,0.9027777777777778,1.0,0.7613863759504741,0.8,15,12,0.25,0.5694512298443577,15.0
diversity,16,0.9166666666666666,1.0,0.7407305251688928,0.8461538461538461,13,11,0.2333333333333333,0.6122981142686207,14.0
random,17,0.6458333333333334,0.8333333333333334,0.7323865744747166,1.0,9,9,0.15,0.4437641680061138,9.0
greedy,17,0.9305555555555556,1.0,0.7895075092427356,0.75,16,12,0.2666666666666666,0.7463894598406597,16.0
uncertainty,17,0.9166666666666666,1.0,0.8060986113514966,0.8,15,12,0.25,0.5795980392868909,15.0
diversity,17,0.9166666666666666,1.0,0.7407305251688928,0.9166666666666666,12,11,0.2166666666666666,0.6474520850141231,13.0
random,18,0.5347222222222223,0.6666666666666666,0.6394319446848298,0.8333333333333334,6,5,0.1166666666666666,0.5659620162182798,7.0
greedy,18,0.8819444444444443,1.0,0.7895075092427356,0.8,15,12,0.2833333333333333,0.7274479196301447,17.0
uncertainty,18,0.8958333333333334,1.0,0.7407305251688928,0.8571428571428571,14,12,0.2666666666666666,0.6677267760083636,16.0
diversity,18,0.8958333333333334,1.0,0.7407305251688928,0.9166666666666666,12,11,0.2166666666666666,0.6173727167892321,13.0
random,19,0.5208333333333334,0.8333333333333334,0.7505430557959409,0.8333333333333334,6,5,0.1166666666666666,0.5066442408782991,7.0
greedy,19,0.9027777777777776,1.0,0.7895075092427356,0.75,16,12,0.2833333333333333,0.7344900437072968,17.0
uncertainty,19,0.9027777777777778,1.0,0.7407305251688928,0.8,15,12,0.2666666666666666,0.6677267760083636,16.0
diversity,19,0.9305555555555556,1.0,0.7739760316291207,0.9166666666666666,12,11,0.2166666666666666,0.5848385222526882,13.0
