left,right,identity,left_unique,right_unique,intersection,fraction_left,fraction_right,jaccard
Development,T1,compound,178,50,0,0.0,0.0,0.0
Development,T1,sample,178,50,0,0.0,0.0,0.0
Development,T1,condition,1058,300,0,0.0,0.0,0.0
Development,T1,sample_dose,1058,300,0,0.0,0.0,0.0
Development,T1,measurement,5290,1200,0,0.0,0.0,0.0
Development,T1,replicate_group,1058,300,0,0.0,0.0,0.0
Development,T1,plate,20,8,0,0.0,0.0,0.0
Development,T1,batch,2,1,1,0.5,1.0,0.5
Development,T1,date,2,1,1,0.5,1.0,0.5
Development,T1,layout,4,2,0,0.0,0.0,0.0
Development,T1,well,338,234,234,0.6923076923076923,1.0,0.6923076923076923
Development,T1,source_md5,20,8,0,0.0,0.0,0.0
Development,T1,source_file,20,8,0,0.0,0.0,0.0
Development,T1,source_experiment,1,1,1,1.0,1.0,1.0
Development,T1,normalized_metadata,5290,1200,0,0.0,0.0,0.0
Development,T1,feature_hash,5290,1200,0,0.0,0.0,0.0
Development,T1,common_feature_hash,5290,1200,0,0.0,0.0,0.0
Development,T2,compound,178,50,0,0.0,0.0,0.0
Development,T2,sample,178,50,0,0.0,0.0,0.0
Development,T2,condition,1058,300,0,0.0,0.0,0.0
Development,T2,sample_dose,1058,300,0,0.0,0.0,0.0
Development,T2,measurement,5290,1200,0,0.0,0.0,0.0
Development,T2,replicate_group,1058,300,0,0.0,0.0,0.0
Development,T2,plate,20,8,0,0.0,0.0,0.0
Development,T2,batch,2,1,1,0.5,1.0,0.5
Development,T2,date,2,1,1,0.5,1.0,0.5
Development,T2,layout,4,2,0,0.0,0.0,0.0
Development,T2,well,338,234,234,0.6923076923076923,1.0,0.6923076923076923
Development,T2,source_md5,20,8,0,0.0,0.0,0.0
Development,T2,source_file,20,8,0,0.0,0.0,0.0
Development,T2,source_experiment,1,1,1,1.0,1.0,1.0
Development,T2,normalized_metadata,5290,1200,0,0.0,0.0,0.0
Development,T2,feature_hash,5290,1200,0,0.0,0.0,0.0
Development,T2,common_feature_hash,5290,1200,0,0.0,0.0,0.0
T1,T2,compound,50,50,0,0.0,0.0,0.0
T1,T2,sample,50,50,0,0.0,0.0,0.0
T1,T2,condition,300,300,0,0.0,0.0,0.0
T1,T2,sample_dose,300,300,0,0.0,0.0,0.0
T1,T2,measurement,1200,1200,0,0.0,0.0,0.0
T1,T2,replicate_group,300,300,0,0.0,0.0,0.0
T1,T2,plate,8,8,8,1.0,1.0,1.0
T1,T2,batch,1,1,1,1.0,1.0,1.0
T1,T2,date,1,1,1,1.0,1.0,1.0
T1,T2,layout,2,2,2,1.0,1.0,1.0
T1,T2,well,234,234,138,0.5897435897435898,0.5897435897435898,0.41818181818181815
T1,T2,source_md5,8,8,8,1.0,1.0,1.0
T1,T2,source_file,8,8,8,1.0,1.0,1.0
T1,T2,source_experiment,1,1,1,1.0,1.0,1.0
T1,T2,normalized_metadata,1200,1200,0,0.0,0.0,0.0
T1,T2,feature_hash,1200,1200,0,0.0,0.0,0.0
T1,T2,common_feature_hash,1200,1200,0,0.0,0.0,0.0
