campaign,method,metric,planned_seeds,valid_seeds,failed_seeds,na_seeds,mean,median,std
T1,coverage-only,coverage_auc,20,20,0,0,0.6901785714285715,0.6785714285714285,0.0563527178062712
T1,coverage-only,final_coverage,20,20,0,0,0.7714285714285712,0.7142857142857143,0.0718035271357192
T1,coverage-only,discovery_efficiency,20,20,0,0,0.0906249999999999,0.0833333333333333,0.0194437917601401
T1,coverage-only,diversity,20,20,0,0,0.7099100438546639,0.7128200221953852,0.0476761168640043
T1,coverage-only,repeatability,20,20,0,0,0.9850378787878789,1.0,0.0312410878500511
T1,coverage-only,cross_batch_agreement,20,20,0,0,0.2425,0.25,0.0344017373422294
T1,coverage-only,cross_batch_median_cosine,20,20,0,0,0.5018369704879315,0.4685607944809949,0.0745359543325668
T1,diversity,coverage_auc,20,20,0,0,0.85625,0.8511904761904763,0.0335760830595552
T1,diversity,final_coverage,20,20,0,0,1.0,1.0,0.0
T1,diversity,discovery_efficiency,20,20,0,0,0.1239583333333333,0.125,0.0196773591955902
T1,diversity,diversity,20,20,0,0,0.8693376602657026,0.8786853620652743,0.0198286294561064
T1,diversity,repeatability,20,20,0,0,0.9092857142857144,0.9090909090909092,0.022882586193118
T1,diversity,cross_batch_agreement,20,20,0,0,0.3341666666666666,0.3333333333333333,0.0147840201387169
T1,diversity,cross_batch_median_cosine,20,20,0,0,0.7138371096425133,0.7145469592889133,0.0174974015688611
T1,greedy,coverage_auc,20,20,0,0,0.8151785714285713,0.800595238095238,0.0331962698510017
T1,greedy,final_coverage,20,20,0,0,1.0,1.0,0.0
T1,greedy,discovery_efficiency,20,20,0,0,0.1239583333333333,0.125,0.0196773591955902
T1,greedy,diversity,20,20,0,0,0.8342407178975563,0.8341993560824204,0.0162722643815357
T1,greedy,repeatability,20,20,0,0,0.9219979296066254,0.9130434782608696,0.0183340803642682
T1,greedy,cross_batch_agreement,20,20,0,0,0.3674999999999999,0.3666666666666666,0.0157418873564722
T1,greedy,cross_batch_median_cosine,20,20,0,0,0.7650072535077188,0.762072232869761,0.011620651239173
T1,random,coverage_auc,20,20,0,0,0.3776785714285713,0.3511904761904761,0.1395886937799657
T1,random,final_coverage,20,20,0,0,0.5428571428571429,0.5714285714285714,0.1645225491321245
T1,random,discovery_efficiency,20,20,0,0,0.0572916666666666,0.0625,0.0285772204603555
T1,random,diversity,20,20,0,0,0.5671636599592784,0.551109451243804,0.1471529289711814
T1,random,repeatability,20,20,0,0,0.9331511544011544,1.0,0.0955814903727848
T1,random,cross_batch_agreement,20,20,0,0,0.12,0.1166666666666666,0.0273594227222707
T1,random,cross_batch_median_cosine,20,20,0,0,0.5137412820240354,0.5014766356656172,0.0598594676165958
T1,uncertainty,coverage_auc,20,20,0,0,0.8080357142857142,0.8065476190476191,0.0411884026742792
T1,uncertainty,final_coverage,20,20,0,0,0.9857142857142858,1.0,0.0439705008036494
T1,uncertainty,discovery_efficiency,20,20,0,0,0.1218749999999999,0.125,0.0226963089845126
T1,uncertainty,diversity,20,20,0,0,0.8561358388931233,0.8614207417717774,0.0198443577307263
T1,uncertainty,repeatability,20,20,0,0,0.9611779448621556,0.9523809523809524,0.0252414673961036
T1,uncertainty,cross_batch_agreement,20,20,0,0,0.3491666666666665,0.35,0.0166447223955742
T1,uncertainty,cross_batch_median_cosine,20,20,0,0,0.7079340312078874,0.7141954281098484,0.0262093571231007
T2,coverage-only,coverage_auc,20,20,0,0,0.8891666666666665,0.9291666666666668,0.0852027166466927
T2,coverage-only,final_coverage,20,20,0,0,0.94,1.0,0.0940324691963254
T2,coverage-only,discovery_efficiency,20,20,0,0,0.0791666666666666,0.0833333333333333,0.0159952478322898
T2,coverage-only,diversity,20,20,0,0,0.7000752502901366,0.7185463540765222,0.0555392182873905
T2,coverage-only,repeatability,20,20,0,0,0.9794642857142858,1.0,0.0502661418462936
T2,coverage-only,cross_batch_agreement,20,20,0,0,0.1266666666666666,0.1249999999999999,0.0136797113611354
T2,coverage-only,cross_batch_median_cosine,20,20,0,0,0.3080143318628752,0.3063740125762615,0.0298815590139561
T2,diversity,coverage_auc,20,20,0,0,0.9208333333333334,0.925,0.0268333605753376
T2,diversity,final_coverage,20,20,0,0,1.0,1.0,0.0
T2,diversity,discovery_efficiency,20,20,0,0,0.0854166666666666,0.0833333333333333,0.0149621843012418
T2,diversity,diversity,20,20,0,0,0.6688459466847958,0.6801244645628322,0.0218194400914793
T2,diversity,repeatability,20,20,0,0,0.7396650326797385,0.75,0.0239126089816128
T2,diversity,cross_batch_agreement,20,20,0,0,0.2341666666666666,0.2333333333333333,0.0157418873564722
T2,diversity,cross_batch_median_cosine,20,20,0,0,0.6912475412189922,0.6907980036380997,0.0133007299053707
T2,greedy,coverage_auc,20,20,0,0,0.9166666666666664,0.9166666666666666,0.0204124145231931
T2,greedy,final_coverage,20,20,0,0,1.0,1.0,0.0
T2,greedy,discovery_efficiency,20,20,0,0,0.0854166666666666,0.0833333333333333,0.0149621843012418
T2,greedy,diversity,20,20,0,0,0.726832479865304,0.7295739585136224,0.0109989389552434
T2,greedy,repeatability,20,20,0,0,0.7170751633986927,0.7222222222222222,0.0111866726923449
T2,greedy,cross_batch_agreement,20,20,0,0,0.2591666666666666,0.2666666666666666,0.0085069630922339
T2,greedy,cross_batch_median_cosine,20,20,0,0,0.7106411283294815,0.7082810713798834,0.0151624175436442
T2,random,coverage_auc,20,20,0,0,0.3866666666666666,0.3708333333333333,0.1671790369913546
T2,random,final_coverage,20,20,0,0,0.54,0.5,0.1846761033753277
T2,random,discovery_efficiency,20,20,0,0,0.0374999999999999,0.0416666666666666,0.0173647656972185
T2,random,diversity,20,20,0,0,0.429095348916692,0.4166666666666666,0.1750311646522155
T2,random,repeatability,20,20,0,0,0.8151785714285715,0.8452380952380952,0.1704663869676651
T2,random,cross_batch_agreement,20,20,0,0,0.0875,0.0833333333333333,0.0290568106579857
T2,random,cross_batch_median_cosine,20,20,0,0,0.5180433711984186,0.532235237044216,0.0751451403420877
T2,uncertainty,coverage_auc,20,20,0,0,0.9274999999999995,0.9333333333333332,0.0171210004080007
T2,uncertainty,final_coverage,20,20,0,0,1.0,1.0,0.0
T2,uncertainty,discovery_efficiency,20,20,0,0,0.0854166666666666,0.0833333333333333,0.0149621843012418
T2,uncertainty,diversity,20,20,0,0,0.7256550854287847,0.7292377035751487,0.0119124489214639
T2,uncertainty,repeatability,20,20,0,0,0.7170751633986927,0.7222222222222222,0.0111866726923449
T2,uncertainty,cross_batch_agreement,20,20,0,0,0.2583333333333333,0.2666666666666666,0.0101162829777813
T2,uncertainty,cross_batch_median_cosine,20,20,0,0,0.656062674048077,0.6736944268784184,0.0382987410740319
