Campaign,Method,Final_Coverage,Diversity,Repeatability,Batch_agreement,Batch_cosine,Online_positive_mean,Repeated_positive_mean
T1,Random,0.5428571428571429,0.5671636599592784,0.9331511544011544,0.12,0.5137412820240354,7.45,6.85
T1,Greedy,1.0,0.8342407178975563,0.9219979296066254,0.3674999999999999,0.7650072535077188,22.3,20.55
T1,Uncertainty-only,0.9857142857142858,0.8561358388931233,0.9611779448621556,0.3491666666666665,0.7079340312078874,20.25,19.45
T1,Diversity-only,1.0,0.8693376602657026,0.9092857142857144,0.3341666666666666,0.7138371096425133,21.45,19.5
T1,Coverage-only,0.7714285714285712,0.7099100438546639,0.9850378787878789,0.2425,0.5018369704879315,14.65,14.45
T2,Random,0.54,0.429095348916692,0.8151785714285715,0.0875,0.5180433711984186,5.8,4.65
T2,Greedy,1.0,0.726832479865304,0.7170751633986927,0.2591666666666666,0.7106411283294815,17.5,12.55
T2,Uncertainty-only,1.0,0.7256550854287847,0.7170751633986927,0.2583333333333333,0.656062674048077,17.5,12.55
T2,Diversity-only,1.0,0.6688459466847958,0.7396650326797385,0.2341666666666666,0.6912475412189922,16.15,11.95
T2,Coverage-only,0.94,0.7000752502901366,0.9794642857142858,0.1266666666666666,0.3080143318628752,7.65,7.5
