plate_map_name,well_position,broad_id,dose,dose_key,condition,split
C-7161-01-LM6-002,A07,BRD-K15502390,10.000000000000002,10.000000000000002,BRD-K15502390|10.000000000000002,T2
C-7161-01-LM6-002,A08,BRD-K15502390,3.333333333330769,3.333333333330769,BRD-K15502390|3.3333333333307689,T2
C-7161-01-LM6-002,A09,BRD-K15502390,1.1111111111153846,1.1111111111153846,BRD-K15502390|1.1111111111153846,T2
C-7161-01-LM6-002,A10,BRD-K15502390,0.3703703703692307,0.3703703703692307,BRD-K15502390|0.37037037036923071,T2
C-7161-01-LM6-002,A11,BRD-K15502390,0.1234567901230769,0.1234567901230769,BRD-K15502390|0.12345679012307691,T2
C-7161-01-LM6-002,A12,BRD-K15502390,0.041152263376923,0.041152263376923,BRD-K15502390|0.041152263376923001,T2
C-7161-01-LM6-002,A13,BRD-K15567136,10.000000000000002,10.000000000000002,BRD-K15567136|10.000000000000002,T2
C-7161-01-LM6-002,A14,BRD-K15567136,3.333333333330769,3.333333333330769,BRD-K15567136|3.3333333333307689,T2
C-7161-01-LM6-002,A15,BRD-K15567136,1.1111111111153846,1.1111111111153846,BRD-K15567136|1.1111111111153846,T2
C-7161-01-LM6-002,A16,BRD-K15567136,0.3703703703692307,0.3703703703692307,BRD-K15567136|0.37037037036923071,T2
C-7161-01-LM6-002,A17,BRD-K15567136,0.1234567901230769,0.1234567901230769,BRD-K15567136|0.12345679012307691,T2
C-7161-01-LM6-002,A18,BRD-K15567136,0.041152263376923,0.041152263376923,BRD-K15567136|0.041152263376923001,T2
C-7161-01-LM6-002,B07,BRD-K15507868,10.0,10.0,BRD-K15507868|10,T2
C-7161-01-LM6-002,B08,BRD-K15507868,3.333333333333333,3.333333333333333,BRD-K15507868|3.333333333333333,T2
C-7161-01-LM6-002,B09,BRD-K15507868,1.1111111111111112,1.1111111111111112,BRD-K15507868|1.1111111111111112,T2
C-7161-01-LM6-002,B10,BRD-K15507868,0.3703703703703703,0.3703703703703702,BRD-K15507868|0.37037037037037029,T2
C-7161-01-LM6-002,B11,BRD-K15507868,0.1234567901234567,0.1234567901234567,BRD-K15507868|0.1234567901234567,T2
C-7161-01-LM6-002,B12,BRD-K15507868,0.0411522633744855,0.0411522633744855,BRD-K15507868|0.0411522633744855,T2
C-7161-01-LM6-002,B19,BRD-K15916496,10.000000000000002,10.000000000000002,BRD-K15916496|10.000000000000002,T2
C-7161-01-LM6-002,B20,BRD-K15916496,3.333333333330769,3.333333333330769,BRD-K15916496|3.3333333333307689,T2
C-7161-01-LM6-002,B21,BRD-K15916496,1.1111111111153846,1.1111111111153846,BRD-K15916496|1.1111111111153846,T2
C-7161-01-LM6-002,B22,BRD-K15916496,0.3703703703692307,0.3703703703692307,BRD-K15916496|0.37037037036923071,T2
C-7161-01-LM6-002,B23,BRD-K15916496,0.1234567901230769,0.1234567901230769,BRD-K15916496|0.12345679012307691,T2
C-7161-01-LM6-002,B24,BRD-K15916496,0.041152263376923,0.041152263376923,BRD-K15916496|0.041152263376923001,T2
C-7161-01-LM6-002,C07,BRD-K16037980,10.000000000000002,10.000000000000002,BRD-K16037980|10.000000000000002,T2
C-7161-01-LM6-002,C08,BRD-K16037980,3.333333333330769,3.333333333330769,BRD-K16037980|3.3333333333307689,T2
C-7161-01-LM6-002,C09,BRD-K16037980,1.1111111111153846,1.1111111111153846,BRD-K16037980|1.1111111111153846,T2
C-7161-01-LM6-002,C10,BRD-K16037980,0.3703703703692307,0.3703703703692307,BRD-K16037980|0.37037037036923071,T2
C-7161-01-LM6-002,C11,BRD-K16037980,0.1234567901230769,0.1234567901230769,BRD-K16037980|0.12345679012307691,T2
C-7161-01-LM6-002,C12,BRD-K16037980,0.041152263376923,0.041152263376923,BRD-K16037980|0.041152263376923001,T2
C-7161-01-LM6-002,C13,BRD-K16133773,10.000000000000002,10.000000000000002,BRD-K16133773|10.000000000000002,T2
C-7161-01-LM6-002,C14,BRD-K16133773,3.333333333330769,3.333333333330769,BRD-K16133773|3.3333333333307689,T2
C-7161-01-LM6-002,C15,BRD-K16133773,1.1111111111153846,1.1111111111153846,BRD-K16133773|1.1111111111153846,T2
C-7161-01-LM6-002,C16,BRD-K16133773,0.3703703703692307,0.3703703703692307,BRD-K16133773|0.37037037036923071,T2
C-7161-01-LM6-002,C17,BRD-K16133773,0.1234567901230769,0.1234567901230769,BRD-K16133773|0.12345679012307691,T2
C-7161-01-LM6-002,C18,BRD-K16133773,0.041152263376923,0.041152263376923,BRD-K16133773|0.041152263376923001,T2
C-7161-01-LM6-002,D13,BRD-K16195444,10.000000000000002,10.000000000000002,BRD-K16195444|10.000000000000002,T2
C-7161-01-LM6-002,D14,BRD-K16195444,3.333333333330769,3.333333333330769,BRD-K16195444|3.3333333333307689,T2
C-7161-01-LM6-002,D15,BRD-K16195444,1.1111111111153846,1.1111111111153846,BRD-K16195444|1.1111111111153846,T2
C-7161-01-LM6-002,D16,BRD-K16195444,0.3703703703692307,0.3703703703692307,BRD-K16195444|0.37037037036923071,T2
C-7161-01-LM6-002,D17,BRD-K16195444,0.1234567901230769,0.1234567901230769,BRD-K16195444|0.12345679012307691,T2
C-7161-01-LM6-002,D18,BRD-K16195444,0.041152263376923,0.041152263376923,BRD-K16195444|0.041152263376923001,T2
C-7161-01-LM6-002,E13,BRD-K16508793,10.000000000000002,10.000000000000002,BRD-K16508793|10.000000000000002,T2
C-7161-01-LM6-002,E14,BRD-K16508793,3.333333333330769,3.333333333330769,BRD-K16508793|3.3333333333307689,T2
C-7161-01-LM6-002,E15,BRD-K16508793,1.1111111111153846,1.1111111111153846,BRD-K16508793|1.1111111111153846,T2
C-7161-01-LM6-002,E16,BRD-K16508793,0.3703703703692307,0.3703703703692307,BRD-K16508793|0.37037037036923071,T2
C-7161-01-LM6-002,E17,BRD-K16508793,0.1234567901230769,0.1234567901230769,BRD-K16508793|0.12345679012307691,T2
C-7161-01-LM6-002,E18,BRD-K16508793,0.041152263376923,0.041152263376923,BRD-K16508793|0.041152263376923001,T2
C-7161-01-LM6-002,E19,BRD-A16665823,10.000000000000002,10.000000000000002,BRD-A16665823|10.000000000000002,T2
C-7161-01-LM6-002,E20,BRD-A16665823,3.333333333330769,3.333333333330769,BRD-A16665823|3.3333333333307689,T2
C-7161-01-LM6-002,E21,BRD-A16665823,1.1111111111153846,1.1111111111153846,BRD-A16665823|1.1111111111153846,T2
C-7161-01-LM6-002,E22,BRD-A16665823,0.3703703703692307,0.3703703703692307,BRD-A16665823|0.37037037036923071,T2
C-7161-01-LM6-002,E23,BRD-A16665823,0.1234567901230769,0.1234567901230769,BRD-A16665823|0.12345679012307691,T2
C-7161-01-LM6-002,E24,BRD-A16665823,0.041152263376923,0.041152263376923,BRD-A16665823|0.041152263376923001,T2
C-7161-01-LM6-002,F19,BRD-K16730910,10.000000000000002,10.000000000000002,BRD-K16730910|10.000000000000002,T2
C-7161-01-LM6-002,F20,BRD-K16730910,3.333333333330769,3.333333333330769,BRD-K16730910|3.3333333333307689,T2
C-7161-01-LM6-002,F21,BRD-K16730910,1.1111111111153846,1.1111111111153846,BRD-K16730910|1.1111111111153846,T2
C-7161-01-LM6-002,F22,BRD-K16730910,0.3703703703692307,0.3703703703692307,BRD-K16730910|0.37037037036923071,T2
C-7161-01-LM6-002,F23,BRD-K16730910,0.1234567901230769,0.1234567901230769,BRD-K16730910|0.12345679012307691,T2
C-7161-01-LM6-002,F24,BRD-K16730910,0.041152263376923,0.041152263376923,BRD-K16730910|0.041152263376923001,T2
C-7161-01-LM6-002,G01,BRD-K16732600,10.000000000000002,10.000000000000002,BRD-K16732600|10.000000000000002,T2
C-7161-01-LM6-002,G02,BRD-K16732600,3.333333333330769,3.333333333330769,BRD-K16732600|3.3333333333307689,T2
C-7161-01-LM6-002,G03,BRD-K16732600,1.1111111111153846,1.1111111111153846,BRD-K16732600|1.1111111111153846,T2
C-7161-01-LM6-002,G04,BRD-K16732600,0.3703703703692307,0.3703703703692307,BRD-K16732600|0.37037037036923071,T2
C-7161-01-LM6-002,G05,BRD-K16732600,0.1234567901230769,0.1234567901230769,BRD-K16732600|0.12345679012307691,T2
C-7161-01-LM6-002,G06,BRD-K16732600,0.041152263376923,0.041152263376923,BRD-K16732600|0.041152263376923001,T2
C-7161-01-LM6-002,G19,BRD-K16898998,10.000000000000002,10.000000000000002,BRD-K16898998|10.000000000000002,T2
C-7161-01-LM6-002,G20,BRD-K16898998,3.333333333330769,3.333333333330769,BRD-K16898998|3.3333333333307689,T2
C-7161-01-LM6-002,G21,BRD-K16898998,1.1111111111153846,1.1111111111153846,BRD-K16898998|1.1111111111153846,T2
C-7161-01-LM6-002,G22,BRD-K16898998,0.3703703703692307,0.3703703703692307,BRD-K16898998|0.37037037036923071,T2
C-7161-01-LM6-002,G23,BRD-K16898998,0.1234567901230769,0.1234567901230769,BRD-K16898998|0.12345679012307691,T2
C-7161-01-LM6-002,G24,BRD-K16898998,0.041152263376923,0.041152263376923,BRD-K16898998|0.041152263376923001,T2
C-7161-01-LM6-002,H01,BRD-K16757695,10.000000000000002,10.000000000000002,BRD-K16757695|10.000000000000002,T2
C-7161-01-LM6-002,H02,BRD-K16757695,3.333333333330769,3.333333333330769,BRD-K16757695|3.3333333333307689,T2
C-7161-01-LM6-002,H03,BRD-K16757695,1.1111111111153846,1.1111111111153846,BRD-K16757695|1.1111111111153846,T2
C-7161-01-LM6-002,H04,BRD-K16757695,0.3703703703692307,0.3703703703692307,BRD-K16757695|0.37037037036923071,T2
C-7161-01-LM6-002,H05,BRD-K16757695,0.1234567901230769,0.1234567901230769,BRD-K16757695|0.12345679012307691,T2
C-7161-01-LM6-002,H06,BRD-K16757695,0.041152263376923,0.041152263376923,BRD-K16757695|0.041152263376923001,T2
C-7161-01-LM6-002,H07,BRD-K16762525,10.000000000000002,10.000000000000002,BRD-K16762525|10.000000000000002,T2
C-7161-01-LM6-002,H08,BRD-K16762525,3.333333333330769,3.333333333330769,BRD-K16762525|3.3333333333307689,T2
C-7161-01-LM6-002,H09,BRD-K16762525,1.1111111111153846,1.1111111111153846,BRD-K16762525|1.1111111111153846,T2
C-7161-01-LM6-002,H10,BRD-K16762525,0.3703703703692307,0.3703703703692307,BRD-K16762525|0.37037037036923071,T2
C-7161-01-LM6-002,H11,BRD-K16762525,0.1234567901230769,0.1234567901230769,BRD-K16762525|0.12345679012307691,T2
C-7161-01-LM6-002,H12,BRD-K16762525,0.041152263376923,0.041152263376923,BRD-K16762525|0.041152263376923001,T2
C-7161-01-LM6-002,I13,BRD-A17411484,10.000000000000002,10.000000000000002,BRD-A17411484|10.000000000000002,T2
C-7161-01-LM6-002,I14,BRD-A17411484,3.333333333330769,3.333333333330769,BRD-A17411484|3.3333333333307689,T2
C-7161-01-LM6-002,I15,BRD-A17411484,1.1111111111153846,1.1111111111153846,BRD-A17411484|1.1111111111153846,T2
C-7161-01-LM6-002,I16,BRD-A17411484,0.3703703703692307,0.3703703703692307,BRD-A17411484|0.37037037036923071,T2
C-7161-01-LM6-002,I17,BRD-A17411484,0.1234567901230769,0.1234567901230769,BRD-A17411484|0.12345679012307691,T2
C-7161-01-LM6-002,I18,BRD-A17411484,0.041152263376923,0.041152263376923,BRD-A17411484|0.041152263376923001,T2
C-7161-01-LM6-002,I19,BRD-A17462676,10.000000000000002,10.000000000000002,BRD-A17462676|10.000000000000002,T2
C-7161-01-LM6-002,I20,BRD-A17462676,3.333333333330769,3.333333333330769,BRD-A17462676|3.3333333333307689,T2
C-7161-01-LM6-002,I21,BRD-A17462676,1.1111111111153846,1.1111111111153846,BRD-A17462676|1.1111111111153846,T2
C-7161-01-LM6-002,I22,BRD-A17462676,0.3703703703692307,0.3703703703692307,BRD-A17462676|0.37037037036923071,T2
C-7161-01-LM6-002,I23,BRD-A17462676,0.1234567901230769,0.1234567901230769,BRD-A17462676|0.12345679012307691,T2
C-7161-01-LM6-002,I24,BRD-A17462676,0.041152263376923,0.041152263376923,BRD-A17462676|0.041152263376923001,T2
C-7161-01-LM6-002,J07,BRD-K17203476,10.000000000000002,10.000000000000002,BRD-K17203476|10.000000000000002,T2
C-7161-01-LM6-002,J08,BRD-K17203476,3.333333333330769,3.333333333330769,BRD-K17203476|3.3333333333307689,T2
C-7161-01-LM6-002,J09,BRD-K17203476,1.1111111111153846,1.1111111111153846,BRD-K17203476|1.1111111111153846,T2
C-7161-01-LM6-002,J10,BRD-K17203476,0.3703703703692307,0.3703703703692307,BRD-K17203476|0.37037037036923071,T2
C-7161-01-LM6-002,J11,BRD-K17203476,0.1234567901230769,0.1234567901230769,BRD-K17203476|0.12345679012307691,T2
C-7161-01-LM6-002,J12,BRD-K17203476,0.041152263376923,0.041152263376923,BRD-K17203476|0.041152263376923001,T2
C-7161-01-LM6-002,J19,BRD-K17498618,10.000000000000002,10.000000000000002,BRD-K17498618|10.000000000000002,T2
C-7161-01-LM6-002,J20,BRD-K17498618,3.333333333330769,3.333333333330769,BRD-K17498618|3.3333333333307689,T2
C-7161-01-LM6-002,J21,BRD-K17498618,1.1111111111153846,1.1111111111153846,BRD-K17498618|1.1111111111153846,T2
C-7161-01-LM6-002,J22,BRD-K17498618,0.3703703703692307,0.3703703703692307,BRD-K17498618|0.37037037036923071,T2
C-7161-01-LM6-002,J23,BRD-K17498618,0.1234567901230769,0.1234567901230769,BRD-K17498618|0.12345679012307691,T2
C-7161-01-LM6-002,J24,BRD-K17498618,0.041152263376923,0.041152263376923,BRD-K17498618|0.041152263376923001,T2
C-7161-01-LM6-002,K13,BRD-K17561142,10.000000000000002,10.000000000000002,BRD-K17561142|10.000000000000002,T2
C-7161-01-LM6-002,K14,BRD-K17561142,3.333333333330769,3.333333333330769,BRD-K17561142|3.3333333333307689,T2
C-7161-01-LM6-002,K15,BRD-K17561142,1.1111111111153846,1.1111111111153846,BRD-K17561142|1.1111111111153846,T2
C-7161-01-LM6-002,K16,BRD-K17561142,0.3703703703692307,0.3703703703692307,BRD-K17561142|0.37037037036923071,T2
C-7161-01-LM6-002,K17,BRD-K17561142,0.1234567901230769,0.1234567901230769,BRD-K17561142|0.12345679012307691,T2
C-7161-01-LM6-002,K18,BRD-K17561142,0.041152263376923,0.041152263376923,BRD-K17561142|0.041152263376923001,T2
C-7161-01-LM6-002,K19,BRD-K17705806,10.000000000000002,10.000000000000002,BRD-K17705806|10.000000000000002,T2
C-7161-01-LM6-002,K20,BRD-K17705806,3.333333333330769,3.333333333330769,BRD-K17705806|3.3333333333307689,T2
C-7161-01-LM6-002,K21,BRD-K17705806,1.1111111111153846,1.1111111111153846,BRD-K17705806|1.1111111111153846,T2
C-7161-01-LM6-002,K22,BRD-K17705806,0.3703703703692307,0.3703703703692307,BRD-K17705806|0.37037037036923071,T2
C-7161-01-LM6-002,K23,BRD-K17705806,0.1234567901230769,0.1234567901230769,BRD-K17705806|0.12345679012307691,T2
C-7161-01-LM6-002,K24,BRD-K17705806,0.041152263376923,0.041152263376923,BRD-K17705806|0.041152263376923001,T2
C-7161-01-LM6-002,L07,BRD-K17555800,10.000000000000002,10.000000000000002,BRD-K17555800|10.000000000000002,T2
C-7161-01-LM6-002,L08,BRD-K17555800,3.333333333330769,3.333333333330769,BRD-K17555800|3.3333333333307689,T2
C-7161-01-LM6-002,L09,BRD-K17555800,1.1111111111153846,1.1111111111153846,BRD-K17555800|1.1111111111153846,T2
C-7161-01-LM6-002,L10,BRD-K17555800,0.3703703703692307,0.3703703703692307,BRD-K17555800|0.37037037036923071,T2
C-7161-01-LM6-002,L11,BRD-K17555800,0.1234567901230769,0.1234567901230769,BRD-K17555800|0.12345679012307691,T2
C-7161-01-LM6-002,L12,BRD-K17555800,0.041152263376923,0.041152263376923,BRD-K17555800|0.041152263376923001,T2
C-7161-01-LM6-002,L13,BRD-A17655518,10.000000000000002,10.000000000000002,BRD-A17655518|10.000000000000002,T2
C-7161-01-LM6-002,L14,BRD-A17655518,3.333333333330769,3.333333333330769,BRD-A17655518|3.3333333333307689,T2
C-7161-01-LM6-002,L15,BRD-A17655518,1.1111111111153846,1.1111111111153846,BRD-A17655518|1.1111111111153846,T2
C-7161-01-LM6-002,L16,BRD-A17655518,0.3703703703692307,0.3703703703692307,BRD-A17655518|0.37037037036923071,T2
C-7161-01-LM6-002,L17,BRD-A17655518,0.1234567901230769,0.1234567901230769,BRD-A17655518|0.12345679012307691,T2
C-7161-01-LM6-002,L18,BRD-A17655518,0.041152263376923,0.041152263376923,BRD-A17655518|0.041152263376923001,T2
C-7161-01-LM6-002,M01,BRD-K17849083,10.000000000000002,10.000000000000002,BRD-K17849083|10.000000000000002,T2
C-7161-01-LM6-002,M02,BRD-K17849083,3.333333333330769,3.333333333330769,BRD-K17849083|3.3333333333307689,T2
C-7161-01-LM6-002,M03,BRD-K17849083,1.1111111111153846,1.1111111111153846,BRD-K17849083|1.1111111111153846,T2
C-7161-01-LM6-002,M04,BRD-K17849083,0.3703703703692307,0.3703703703692307,BRD-K17849083|0.37037037036923071,T2
C-7161-01-LM6-002,M05,BRD-K17849083,0.1234567901230769,0.1234567901230769,BRD-K17849083|0.12345679012307691,T2
C-7161-01-LM6-002,M06,BRD-K17849083,0.041152263376923,0.041152263376923,BRD-K17849083|0.041152263376923001,T2
C-7161-01-LM6-002,M07,BRD-K17894950,10.000000000000002,10.000000000000002,BRD-K17894950|10.000000000000002,T2
C-7161-01-LM6-002,M08,BRD-K17894950,3.333333333330769,3.333333333330769,BRD-K17894950|3.3333333333307689,T2
C-7161-01-LM6-002,M09,BRD-K17894950,1.1111111111153846,1.1111111111153846,BRD-K17894950|1.1111111111153846,T2
C-7161-01-LM6-002,M10,BRD-K17894950,0.3703703703692307,0.3703703703692307,BRD-K17894950|0.37037037036923071,T2
C-7161-01-LM6-002,M11,BRD-K17894950,0.1234567901230769,0.1234567901230769,BRD-K17894950|0.12345679012307691,T2
C-7161-01-LM6-002,M12,BRD-K17894950,0.041152263376923,0.041152263376923,BRD-K17894950|0.041152263376923001,T2
C-7161-01-LM6-002,P13,BRD-A18620900,10.000000000000002,10.000000000000002,BRD-A18620900|10.000000000000002,T2
C-7161-01-LM6-002,P14,BRD-A18620900,3.333333333330769,3.333333333330769,BRD-A18620900|3.3333333333307689,T2
C-7161-01-LM6-002,P15,BRD-A18620900,1.1111111111153846,1.1111111111153846,BRD-A18620900|1.1111111111153846,T2
C-7161-01-LM6-002,P16,BRD-A18620900,0.3703703703692307,0.3703703703692307,BRD-A18620900|0.37037037036923071,T2
C-7161-01-LM6-002,P17,BRD-A18620900,0.1234567901230769,0.1234567901230769,BRD-A18620900|0.12345679012307691,T2
C-7161-01-LM6-002,P18,BRD-A18620900,0.041152263376923,0.041152263376923,BRD-A18620900|0.041152263376923001,T2
C-7161-01-LM6-002,P19,BRD-K18678457,10.000000000000002,10.000000000000002,BRD-K18678457|10.000000000000002,T2
C-7161-01-LM6-002,P20,BRD-K18678457,3.333333333330769,3.333333333330769,BRD-K18678457|3.3333333333307689,T2
C-7161-01-LM6-002,P21,BRD-K18678457,1.1111111111153846,1.1111111111153846,BRD-K18678457|1.1111111111153846,T2
C-7161-01-LM6-002,P22,BRD-K18678457,0.3703703703692307,0.3703703703692307,BRD-K18678457|0.37037037036923071,T2
C-7161-01-LM6-002,P23,BRD-K18678457,0.1234567901230769,0.1234567901230769,BRD-K18678457|0.12345679012307691,T2
C-7161-01-LM6-002,P24,BRD-K18678457,0.041152263376923,0.041152263376923,BRD-K18678457|0.041152263376923001,T2
C-7161-01-LM6-003,A07,BRD-K31111078,10.000000000000002,10.000000000000002,BRD-K31111078|10.000000000000002,T2
C-7161-01-LM6-003,A08,BRD-K31111078,3.333333333330769,3.333333333330769,BRD-K31111078|3.3333333333307689,T2
C-7161-01-LM6-003,A09,BRD-K31111078,1.1111111111153846,1.1111111111153846,BRD-K31111078|1.1111111111153846,T2
C-7161-01-LM6-003,A10,BRD-K31111078,0.3703703703692307,0.3703703703692307,BRD-K31111078|0.37037037036923071,T2
C-7161-01-LM6-003,A11,BRD-K31111078,0.1234567901230769,0.1234567901230769,BRD-K31111078|0.12345679012307691,T2
C-7161-01-LM6-003,A12,BRD-K31111078,0.041152263376923,0.041152263376923,BRD-K31111078|0.041152263376923001,T2
C-7161-01-LM6-003,B13,BRD-K31309378,10.000000000000002,10.000000000000002,BRD-K31309378|10.000000000000002,T2
C-7161-01-LM6-003,B14,BRD-K31309378,3.333333333330769,3.333333333330769,BRD-K31309378|3.3333333333307689,T2
C-7161-01-LM6-003,B15,BRD-K31309378,1.1111111111153846,1.1111111111153846,BRD-K31309378|1.1111111111153846,T2
C-7161-01-LM6-003,B16,BRD-K31309378,0.3703703703692307,0.3703703703692307,BRD-K31309378|0.37037037036923071,T2
C-7161-01-LM6-003,B17,BRD-K31309378,0.1234567901230769,0.1234567901230769,BRD-K31309378|0.12345679012307691,T2
C-7161-01-LM6-003,B18,BRD-K31309378,0.041152263376923,0.041152263376923,BRD-K31309378|0.041152263376923001,T2
C-7161-01-LM6-003,C07,BRD-K31731454,10.000000000000002,10.000000000000002,BRD-K31731454|10.000000000000002,T2
C-7161-01-LM6-003,C08,BRD-K31731454,3.333333333330769,3.333333333330769,BRD-K31731454|3.3333333333307689,T2
C-7161-01-LM6-003,C09,BRD-K31731454,1.1111111111153846,1.1111111111153846,BRD-K31731454|1.1111111111153846,T2
C-7161-01-LM6-003,C10,BRD-K31731454,0.3703703703692307,0.3703703703692307,BRD-K31731454|0.37037037036923071,T2
C-7161-01-LM6-003,C11,BRD-K31731454,0.1234567901230769,0.1234567901230769,BRD-K31731454|0.12345679012307691,T2
C-7161-01-LM6-003,C12,BRD-K31731454,0.041152263376923,0.041152263376923,BRD-K31731454|0.041152263376923001,T2
C-7161-01-LM6-003,D07,BRD-A31811760,10.000000000000002,10.000000000000002,BRD-A31811760|10.000000000000002,T2
C-7161-01-LM6-003,D08,BRD-A31811760,3.333333333330769,3.333333333330769,BRD-A31811760|3.3333333333307689,T2
C-7161-01-LM6-003,D09,BRD-A31811760,1.1111111111153846,1.1111111111153846,BRD-A31811760|1.1111111111153846,T2
C-7161-01-LM6-003,D10,BRD-A31811760,0.3703703703692307,0.3703703703692307,BRD-A31811760|0.37037037036923071,T2
C-7161-01-LM6-003,D11,BRD-A31811760,0.1234567901230769,0.1234567901230769,BRD-A31811760|0.12345679012307691,T2
C-7161-01-LM6-003,D12,BRD-A31811760,0.041152263376923,0.041152263376923,BRD-A31811760|0.041152263376923001,T2
C-7161-01-LM6-003,D19,BRD-K32101625,10.000000000000002,10.000000000000002,BRD-K32101625|10.000000000000002,T2
C-7161-01-LM6-003,D20,BRD-K32101625,3.333333333330769,3.333333333330769,BRD-K32101625|3.3333333333307689,T2
C-7161-01-LM6-003,D21,BRD-K32101625,1.1111111111153846,1.1111111111153846,BRD-K32101625|1.1111111111153846,T2
C-7161-01-LM6-003,D22,BRD-K32101625,0.3703703703692307,0.3703703703692307,BRD-K32101625|0.37037037036923071,T2
C-7161-01-LM6-003,D23,BRD-K32101625,0.1234567901230769,0.1234567901230769,BRD-K32101625|0.12345679012307691,T2
C-7161-01-LM6-003,D24,BRD-K32101625,0.041152263376923,0.041152263376923,BRD-K32101625|0.041152263376923001,T2
C-7161-01-LM6-003,E07,BRD-K32285926,10.000000000000002,10.000000000000002,BRD-K32285926|10.000000000000002,T2
C-7161-01-LM6-003,E08,BRD-K32285926,3.333333333330769,3.333333333330769,BRD-K32285926|3.3333333333307689,T2
C-7161-01-LM6-003,E09,BRD-K32285926,1.1111111111153846,1.1111111111153846,BRD-K32285926|1.1111111111153846,T2
C-7161-01-LM6-003,E10,BRD-K32285926,0.3703703703692307,0.3703703703692307,BRD-K32285926|0.37037037036923071,T2
C-7161-01-LM6-003,E11,BRD-K32285926,0.1234567901230769,0.1234567901230769,BRD-K32285926|0.12345679012307691,T2
C-7161-01-LM6-003,E12,BRD-K32285926,0.041152263376923,0.041152263376923,BRD-K32285926|0.041152263376923001,T2
C-7161-01-LM6-003,F01,BRD-A32269193,10.000000000000002,10.000000000000002,BRD-A32269193|10.000000000000002,T2
C-7161-01-LM6-003,F02,BRD-A32269193,3.333333333330769,3.333333333330769,BRD-A32269193|3.3333333333307689,T2
C-7161-01-LM6-003,F03,BRD-A32269193,1.1111111111153846,1.1111111111153846,BRD-A32269193|1.1111111111153846,T2
C-7161-01-LM6-003,F04,BRD-A32269193,0.3703703703692307,0.3703703703692307,BRD-A32269193|0.37037037036923071,T2
C-7161-01-LM6-003,F05,BRD-A32269193,0.1234567901230769,0.1234567901230769,BRD-A32269193|0.12345679012307691,T2
C-7161-01-LM6-003,F06,BRD-A32269193,0.041152263376923,0.041152263376923,BRD-A32269193|0.041152263376923001,T2
C-7161-01-LM6-003,F13,BRD-K32501161,10.000000000000002,10.000000000000002,BRD-K32501161|10.000000000000002,T2
C-7161-01-LM6-003,F14,BRD-K32501161,3.333333333330769,3.333333333330769,BRD-K32501161|3.3333333333307689,T2
C-7161-01-LM6-003,F15,BRD-K32501161,1.1111111111153846,1.1111111111153846,BRD-K32501161|1.1111111111153846,T2
C-7161-01-LM6-003,F16,BRD-K32501161,0.3703703703692307,0.3703703703692307,BRD-K32501161|0.37037037036923071,T2
C-7161-01-LM6-003,F17,BRD-K32501161,0.1234567901230769,0.1234567901230769,BRD-K32501161|0.12345679012307691,T2
C-7161-01-LM6-003,F18,BRD-K32501161,0.041152263376923,0.041152263376923,BRD-K32501161|0.041152263376923001,T2
C-7161-01-LM6-003,F19,BRD-K32821942,10.000000000000002,10.000000000000002,BRD-K32821942|10.000000000000002,T2
C-7161-01-LM6-003,F20,BRD-K32821942,3.333333333330769,3.333333333330769,BRD-K32821942|3.3333333333307689,T2
C-7161-01-LM6-003,F21,BRD-K32821942,1.1111111111153846,1.1111111111153846,BRD-K32821942|1.1111111111153846,T2
C-7161-01-LM6-003,F22,BRD-K32821942,0.3703703703692307,0.3703703703692307,BRD-K32821942|0.37037037036923071,T2
C-7161-01-LM6-003,F23,BRD-K32821942,0.1234567901230769,0.1234567901230769,BRD-K32821942|0.12345679012307691,T2
C-7161-01-LM6-003,F24,BRD-K32821942,0.041152263376923,0.041152263376923,BRD-K32821942|0.041152263376923001,T2
C-7161-01-LM6-003,G19,BRD-A33447119,10.000000000000002,10.000000000000002,BRD-A33447119|10.000000000000002,T2
C-7161-01-LM6-003,G20,BRD-A33447119,3.333333333330769,3.333333333330769,BRD-A33447119|3.3333333333307689,T2
C-7161-01-LM6-003,G21,BRD-A33447119,1.1111111111153846,1.1111111111153846,BRD-A33447119|1.1111111111153846,T2
C-7161-01-LM6-003,G22,BRD-A33447119,0.3703703703692307,0.3703703703692307,BRD-A33447119|0.37037037036923071,T2
C-7161-01-LM6-003,G23,BRD-A33447119,0.1234567901230769,0.1234567901230769,BRD-A33447119|0.12345679012307691,T2
C-7161-01-LM6-003,G24,BRD-A33447119,0.041152263376923,0.041152263376923,BRD-A33447119|0.041152263376923001,T2
C-7161-01-LM6-003,H07,BRD-K33226500,10.000000000000002,10.000000000000002,BRD-K33226500|10.000000000000002,T2
C-7161-01-LM6-003,H08,BRD-K33226500,3.333333333330769,3.333333333330769,BRD-K33226500|3.3333333333307689,T2
C-7161-01-LM6-003,H09,BRD-K33226500,1.1111111111153846,1.1111111111153846,BRD-K33226500|1.1111111111153846,T2
C-7161-01-LM6-003,H10,BRD-K33226500,0.3703703703692307,0.3703703703692307,BRD-K33226500|0.37037037036923071,T2
C-7161-01-LM6-003,H11,BRD-K33226500,0.1234567901230769,0.1234567901230769,BRD-K33226500|0.12345679012307691,T2
C-7161-01-LM6-003,H12,BRD-K33226500,0.041152263376923,0.041152263376923,BRD-K33226500|0.041152263376923001,T2
C-7161-01-LM6-003,I07,BRD-K33852358,10.000000000000002,10.000000000000002,BRD-K33852358|10.000000000000002,T2
C-7161-01-LM6-003,I08,BRD-K33852358,3.333333333333333,3.333333333333333,BRD-K33852358|3.333333333333333,T2
C-7161-01-LM6-003,I09,BRD-K33852358,1.1111111111111112,1.1111111111111112,BRD-K33852358|1.1111111111111112,T2
C-7161-01-LM6-003,I10,BRD-K33852358,0.3703703703703703,0.3703703703703702,BRD-K33852358|0.37037037037037029,T2
C-7161-01-LM6-003,I11,BRD-K33852358,0.1234567901234567,0.1234567901234567,BRD-K33852358|0.1234567901234567,T2
C-7161-01-LM6-003,I12,BRD-K33852358,0.0411522633744855,0.0411522633744855,BRD-K33852358|0.0411522633744855,T2
C-7161-01-LM6-003,I19,BRD-K34022604,10.000000000000002,10.000000000000002,BRD-K34022604|10.000000000000002,T2
C-7161-01-LM6-003,I20,BRD-K34022604,3.333333333330769,3.333333333330769,BRD-K34022604|3.3333333333307689,T2
C-7161-01-LM6-003,I21,BRD-K34022604,1.1111111111153846,1.1111111111153846,BRD-K34022604|1.1111111111153846,T2
C-7161-01-LM6-003,I22,BRD-K34022604,0.3703703703692307,0.3703703703692307,BRD-K34022604|0.37037037036923071,T2
C-7161-01-LM6-003,I23,BRD-K34022604,0.1234567901230769,0.1234567901230769,BRD-K34022604|0.12345679012307691,T2
C-7161-01-LM6-003,I24,BRD-K34022604,0.041152263376923,0.041152263376923,BRD-K34022604|0.041152263376923001,T2
C-7161-01-LM6-003,J07,BRD-K33882852,10.000000000000002,10.000000000000002,BRD-K33882852|10.000000000000002,T2
C-7161-01-LM6-003,J08,BRD-K33882852,3.333333333330769,3.333333333330769,BRD-K33882852|3.3333333333307689,T2
C-7161-01-LM6-003,J09,BRD-K33882852,1.1111111111153846,1.1111111111153846,BRD-K33882852|1.1111111111153846,T2
C-7161-01-LM6-003,J10,BRD-K33882852,0.3703703703692307,0.3703703703692307,BRD-K33882852|0.37037037036923071,T2
C-7161-01-LM6-003,J11,BRD-K33882852,0.1234567901230769,0.1234567901230769,BRD-K33882852|0.12345679012307691,T2
C-7161-01-LM6-003,J12,BRD-K33882852,0.041152263376923,0.041152263376923,BRD-K33882852|0.041152263376923001,T2
C-7161-01-LM6-003,K13,BRD-A34513497,10.000000000000002,10.000000000000002,BRD-A34513497|10.000000000000002,T2
C-7161-01-LM6-003,K14,BRD-A34513497,3.333333333330769,3.333333333330769,BRD-A34513497|3.3333333333307689,T2
C-7161-01-LM6-003,K15,BRD-A34513497,1.1111111111153846,1.1111111111153846,BRD-A34513497|1.1111111111153846,T2
C-7161-01-LM6-003,K16,BRD-A34513497,0.3703703703692307,0.3703703703692307,BRD-A34513497|0.37037037036923071,T2
C-7161-01-LM6-003,K17,BRD-A34513497,0.1234567901230769,0.1234567901230769,BRD-A34513497|0.12345679012307691,T2
C-7161-01-LM6-003,K18,BRD-A34513497,0.041152263376923,0.041152263376923,BRD-A34513497|0.041152263376923001,T2
C-7161-01-LM6-003,K19,BRD-K34776109,10.000000000000002,10.000000000000002,BRD-K34776109|10.000000000000002,T2
C-7161-01-LM6-003,K20,BRD-K34776109,3.333333333330769,3.333333333330769,BRD-K34776109|3.3333333333307689,T2
C-7161-01-LM6-003,K21,BRD-K34776109,1.1111111111153846,1.1111111111153846,BRD-K34776109|1.1111111111153846,T2
C-7161-01-LM6-003,K22,BRD-K34776109,0.3703703703692307,0.3703703703692307,BRD-K34776109|0.37037037036923071,T2
C-7161-01-LM6-003,K23,BRD-K34776109,0.1234567901230769,0.1234567901230769,BRD-K34776109|0.12345679012307691,T2
C-7161-01-LM6-003,K24,BRD-K34776109,0.041152263376923,0.041152263376923,BRD-K34776109|0.041152263376923001,T2
C-7161-01-LM6-003,L01,BRD-K34341643,10.000000000000002,10.000000000000002,BRD-K34341643|10.000000000000002,T2
C-7161-01-LM6-003,L02,BRD-K34341643,3.333333333330769,3.333333333330769,BRD-K34341643|3.3333333333307689,T2
C-7161-01-LM6-003,L03,BRD-K34341643,1.1111111111153846,1.1111111111153846,BRD-K34341643|1.1111111111153846,T2
C-7161-01-LM6-003,L04,BRD-K34341643,0.3703703703692307,0.3703703703692307,BRD-K34341643|0.37037037036923071,T2
C-7161-01-LM6-003,L05,BRD-K34341643,0.1234567901230769,0.1234567901230769,BRD-K34341643|0.12345679012307691,T2
C-7161-01-LM6-003,L06,BRD-K34341643,0.041152263376923,0.041152263376923,BRD-K34341643|0.041152263376923001,T2
C-7161-01-LM6-003,L07,BRD-K34469523,10.000000000000002,10.000000000000002,BRD-K34469523|10.000000000000002,T2
C-7161-01-LM6-003,L08,BRD-K34469523,3.333333333330769,3.333333333330769,BRD-K34469523|3.3333333333307689,T2
C-7161-01-LM6-003,L09,BRD-K34469523,1.1111111111153846,1.1111111111153846,BRD-K34469523|1.1111111111153846,T2
C-7161-01-LM6-003,L10,BRD-K34469523,0.3703703703692307,0.3703703703692307,BRD-K34469523|0.37037037036923071,T2
C-7161-01-LM6-003,L11,BRD-K34469523,0.1234567901230769,0.1234567901230769,BRD-K34469523|0.12345679012307691,T2
C-7161-01-LM6-003,L12,BRD-K34469523,0.041152263376923,0.041152263376923,BRD-K34469523|0.041152263376923001,T2
C-7161-01-LM6-003,M07,BRD-K35586044,10.000000000000002,10.000000000000002,BRD-K35586044|10.000000000000002,T2
C-7161-01-LM6-003,M08,BRD-K35586044,3.333333333330769,3.333333333330769,BRD-K35586044|3.3333333333307689,T2
C-7161-01-LM6-003,M09,BRD-K35586044,1.1111111111153846,1.1111111111153846,BRD-K35586044|1.1111111111153846,T2
C-7161-01-LM6-003,M10,BRD-K35586044,0.3703703703692307,0.3703703703692307,BRD-K35586044|0.37037037036923071,T2
C-7161-01-LM6-003,M11,BRD-K35586044,0.1234567901230769,0.1234567901230769,BRD-K35586044|0.12345679012307691,T2
C-7161-01-LM6-003,M12,BRD-K35586044,0.041152263376923,0.041152263376923,BRD-K35586044|0.041152263376923001,T2
C-7161-01-LM6-003,M19,BRD-K35719256,10.000000000000002,10.000000000000002,BRD-K35719256|10.000000000000002,T2
C-7161-01-LM6-003,M20,BRD-K35719256,3.333333333330769,3.333333333330769,BRD-K35719256|3.3333333333307689,T2
C-7161-01-LM6-003,M21,BRD-K35719256,1.1111111111153846,1.1111111111153846,BRD-K35719256|1.1111111111153846,T2
C-7161-01-LM6-003,M22,BRD-K35719256,0.3703703703692307,0.3703703703692307,BRD-K35719256|0.37037037036923071,T2
C-7161-01-LM6-003,M23,BRD-K35719256,0.1234567901230769,0.1234567901230769,BRD-K35719256|0.12345679012307691,T2
C-7161-01-LM6-003,M24,BRD-K35719256,0.041152263376923,0.041152263376923,BRD-K35719256|0.041152263376923001,T2
C-7161-01-LM6-003,N01,BRD-K35520305,10.000000000000002,10.000000000000002,BRD-K35520305|10.000000000000002,T2
C-7161-01-LM6-003,N02,BRD-K35520305,3.333333333330769,3.333333333330769,BRD-K35520305|3.3333333333307689,T2
C-7161-01-LM6-003,N03,BRD-K35520305,1.1111111111153846,1.1111111111153846,BRD-K35520305|1.1111111111153846,T2
C-7161-01-LM6-003,N04,BRD-K35520305,0.3703703703692307,0.3703703703692307,BRD-K35520305|0.37037037036923071,T2
C-7161-01-LM6-003,N05,BRD-K35520305,0.1234567901230769,0.1234567901230769,BRD-K35520305|0.12345679012307691,T2
C-7161-01-LM6-003,N06,BRD-K35520305,0.041152263376923,0.041152263376923,BRD-K35520305|0.041152263376923001,T2
C-7161-01-LM6-003,N13,BRD-K35687421,10.000000000000002,10.000000000000002,BRD-K35687421|10.000000000000002,T2
C-7161-01-LM6-003,N14,BRD-K35687421,3.333333333330769,3.333333333330769,BRD-K35687421|3.3333333333307689,T2
C-7161-01-LM6-003,N15,BRD-K35687421,1.1111111111153846,1.1111111111153846,BRD-K35687421|1.1111111111153846,T2
C-7161-01-LM6-003,N16,BRD-K35687421,0.3703703703692307,0.3703703703692307,BRD-K35687421|0.37037037036923071,T2
C-7161-01-LM6-003,N17,BRD-K35687421,0.1234567901230769,0.1234567901230769,BRD-K35687421|0.12345679012307691,T2
C-7161-01-LM6-003,N18,BRD-K35687421,0.041152263376923,0.041152263376923,BRD-K35687421|0.041152263376923001,T2
C-7161-01-LM6-003,O13,BRD-K36467523,10.000000000000002,10.000000000000002,BRD-K36467523|10.000000000000002,T2
C-7161-01-LM6-003,O14,BRD-K36467523,3.333333333330769,3.333333333330769,BRD-K36467523|3.3333333333307689,T2
C-7161-01-LM6-003,O15,BRD-K36467523,1.1111111111153846,1.1111111111153846,BRD-K36467523|1.1111111111153846,T2
C-7161-01-LM6-003,O16,BRD-K36467523,0.3703703703692307,0.3703703703692307,BRD-K36467523|0.37037037036923071,T2
C-7161-01-LM6-003,O17,BRD-K36467523,0.1234567901230769,0.1234567901230769,BRD-K36467523|0.12345679012307691,T2
C-7161-01-LM6-003,O18,BRD-K36467523,0.041152263376923,0.041152263376923,BRD-K36467523|0.041152263376923001,T2
C-7161-01-LM6-003,P01,BRD-K36280065,10.000000000000002,10.000000000000002,BRD-K36280065|10.000000000000002,T2
C-7161-01-LM6-003,P02,BRD-K36280065,3.333333333330769,3.333333333330769,BRD-K36280065|3.3333333333307689,T2
C-7161-01-LM6-003,P03,BRD-K36280065,1.1111111111153846,1.1111111111153846,BRD-K36280065|1.1111111111153846,T2
C-7161-01-LM6-003,P04,BRD-K36280065,0.3703703703692307,0.3703703703692307,BRD-K36280065|0.37037037036923071,T2
C-7161-01-LM6-003,P05,BRD-K36280065,0.1234567901230769,0.1234567901230769,BRD-K36280065|0.12345679012307691,T2
C-7161-01-LM6-003,P06,BRD-K36280065,0.041152263376923,0.041152263376923,BRD-K36280065|0.041152263376923001,T2
