variant,seed,round,confirmation_cost,total_cost,covered_regions,coverage,reward,online_positive,repeat_confirmed,repeatability,diversity,hidden_confirmation_rate,hidden_confirmed_count,cross_batch_agreement,cross_batch_median_cosine,online_batch_count,coverage_auc,discovery_efficiency_per_query,total_region_yield_per_confirmation
QACS-Constrained,0,12,60,379,6,1.0,0,15,12,0.8,0.7895075092427356,0.21666666666666667,13,0.25,0.5757489368037512,1,0.8958333333333334,0.10416666666666667,0.1
QACS-Lexicographic,0,12,60,379,6,1.0,0,15,12,0.8,0.7851295140691782,0.21666666666666667,13,0.26666666666666666,0.4518875821379045,1,0.9097222222222222,0.10416666666666667,0.1
QACS-Constrained,1,12,60,379,5,0.8333333333333334,0,13,11,0.8461538461538461,0.653654682481227,0.2,12,0.23333333333333334,0.658878472797305,1,0.7291666666666665,0.10416666666666667,0.08333333333333333
QACS-Lexicographic,1,12,60,379,5,0.8333333333333334,0,13,11,0.8461538461538461,0.653654682481227,0.2,12,0.25,0.636085899021031,1,0.7569444444444445,0.10416666666666667,0.08333333333333333
QACS-Constrained,2,12,60,379,6,1.0,0,14,12,0.8571428571428571,0.7895075092427356,0.21666666666666667,13,0.26666666666666666,0.6726280137702106,1,0.9166666666666666,0.08333333333333333,0.1
QACS-Lexicographic,2,12,60,379,6,1.0,0,15,12,0.8,0.7895075092427356,0.21666666666666667,13,0.26666666666666666,0.5398699338076076,1,0.9305555555555557,0.08333333333333333,0.1
QACS-Constrained,3,12,60,379,6,1.0,0,15,12,0.8,0.7407305251688928,0.21666666666666667,13,0.26666666666666666,0.6818659827611099,1,0.875,0.125,0.1
QACS-Lexicographic,3,12,60,379,6,1.0,0,15,12,0.8,0.7407305251688928,0.21666666666666667,13,0.26666666666666666,0.6697558060866788,1,0.9027777777777778,0.125,0.1
QACS-Constrained,4,12,60,379,6,1.0,0,13,12,0.9230769230769231,0.7407305251688928,0.21666666666666667,13,0.25,0.6556838542238095,1,0.875,0.125,0.1
QACS-Lexicographic,4,12,60,379,6,1.0,0,14,12,0.8571428571428571,0.7407305251688928,0.21666666666666667,13,0.25,0.6439633433292191,1,0.9027777777777778,0.125,0.1
QACS-Constrained,5,12,60,379,6,1.0,0,15,12,0.8,0.7407305251688928,0.21666666666666667,13,0.26666666666666666,0.6152782512758151,1,0.9305555555555557,0.08333333333333333,0.1
QACS-Lexicographic,5,12,60,379,6,1.0,0,15,12,0.8,0.7613863759504741,0.21666666666666667,13,0.26666666666666666,0.6593662356110902,1,0.9583333333333334,0.08333333333333333,0.1
QACS-Constrained,6,12,60,379,6,1.0,0,16,12,0.75,0.7407305251688928,0.21666666666666667,13,0.2833333333333333,0.6867197994752844,1,0.875,0.125,0.1
QACS-Lexicographic,6,12,60,379,6,1.0,0,15,12,0.8,0.7613863759504741,0.21666666666666667,13,0.26666666666666666,0.6560062651137732,1,0.888888888888889,0.125,0.1
QACS-Constrained,7,12,60,379,5,0.8333333333333334,0,13,11,0.8461538461538461,0.653654682481227,0.2,12,0.23333333333333334,0.6010607882840615,1,0.7430555555555557,0.10416666666666667,0.08333333333333333
QACS-Lexicographic,7,12,60,379,5,0.8333333333333334,0,14,11,0.7857142857142857,0.653654682481227,0.2,12,0.25,0.6367410002729856,1,0.7569444444444445,0.10416666666666667,0.08333333333333333
QACS-Constrained,8,12,60,379,6,1.0,0,14,11,0.7857142857142857,0.7895075092427356,0.2,12,0.26666666666666666,0.6726280137702106,1,0.8958333333333334,0.10416666666666667,0.1
QACS-Lexicographic,8,12,60,379,6,1.0,0,15,11,0.7333333333333333,0.7895075092427356,0.2,12,0.26666666666666666,0.6697558060866788,1,0.8958333333333334,0.10416666666666667,0.1
QACS-Constrained,9,12,60,379,6,1.0,0,14,12,0.8571428571428571,0.7895075092427356,0.21666666666666667,13,0.26666666666666666,0.6301933807439011,1,0.9375,0.0625,0.1
QACS-Lexicographic,9,12,60,379,6,1.0,0,15,12,0.8,0.7895075092427356,0.21666666666666667,13,0.26666666666666666,0.6133056918586304,1,0.9375,0.0625,0.1
QACS-Constrained,10,12,60,379,6,1.0,0,14,12,0.8571428571428571,0.7407305251688928,0.21666666666666667,13,0.26666666666666666,0.673333690144656,1,0.9375,0.0625,0.1
QACS-Lexicographic,10,12,60,379,6,1.0,0,15,12,0.8,0.7407305251688928,0.21666666666666667,13,0.26666666666666666,0.6439633433292191,1,0.9652777777777778,0.0625,0.1
QACS-Constrained,11,12,60,379,6,1.0,0,14,12,0.8571428571428571,0.7895075092427356,0.21666666666666667,13,0.25,0.6297345742878195,1,0.9027777777777778,0.08333333333333333,0.1
QACS-Lexicographic,11,12,60,379,6,1.0,0,14,12,0.8571428571428571,0.7407305251688928,0.21666666666666667,13,0.25,0.6439633433292191,1,0.9305555555555557,0.08333333333333333,0.1
QACS-Constrained,12,12,60,379,6,1.0,0,14,12,0.8571428571428571,0.7407305251688928,0.21666666666666667,13,0.23333333333333334,0.6983993750608237,1,0.875,0.125,0.1
QACS-Lexicographic,12,12,60,379,6,1.0,0,14,12,0.8571428571428571,0.7407305251688928,0.21666666666666667,13,0.25,0.6439633433292191,1,0.9027777777777778,0.125,0.1
QACS-Constrained,13,12,60,379,6,1.0,0,14,12,0.8571428571428571,0.7613863759504741,0.21666666666666667,13,0.25,0.6983993750608237,1,0.9097222222222223,0.0625,0.1
QACS-Lexicographic,13,12,60,379,6,1.0,0,14,12,0.8571428571428571,0.7819506631127535,0.23333333333333334,14,0.25,0.6697558060866788,1,0.9375,0.0625,0.1
QACS-Constrained,14,12,60,379,6,1.0,0,15,12,0.8,0.7407305251688928,0.21666666666666667,13,0.26666666666666666,0.673333690144656,1,0.8958333333333334,0.10416666666666667,0.1
QACS-Lexicographic,14,12,60,379,6,1.0,0,15,12,0.8,0.7407305251688928,0.21666666666666667,13,0.26666666666666666,0.6609075028756204,1,0.9097222222222222,0.10416666666666667,0.1
QACS-Constrained,15,12,60,379,6,1.0,0,15,12,0.8,0.7613863759504741,0.21666666666666667,13,0.26666666666666666,0.6983993750608237,1,0.8958333333333334,0.10416666666666667,0.1
QACS-Lexicographic,15,12,60,379,6,1.0,0,15,12,0.8,0.7613863759504741,0.21666666666666667,13,0.26666666666666666,0.6439633433292191,1,0.923611111111111,0.10416666666666667,0.1
QACS-Constrained,16,12,60,379,6,1.0,0,15,12,0.8,0.7895075092427356,0.21666666666666667,13,0.25,0.5694512298443577,1,0.9166666666666666,0.08333333333333333,0.1
QACS-Lexicographic,16,12,60,379,6,1.0,0,15,12,0.8,0.7895075092427356,0.21666666666666667,13,0.26666666666666666,0.6051314418332818,1,0.9305555555555557,0.08333333333333333,0.1
QACS-Constrained,17,12,60,379,6,1.0,0,15,12,0.8,0.7407305251688928,0.21666666666666667,13,0.25,0.6329280871966617,1,0.9166666666666666,0.08333333333333333,0.1
QACS-Lexicographic,17,12,60,379,6,1.0,0,15,12,0.8,0.7407305251688928,0.21666666666666667,13,0.26666666666666666,0.6560062651137732,1,0.9305555555555557,0.08333333333333333,0.1
QACS-Constrained,18,12,60,379,6,1.0,0,14,12,0.8571428571428571,0.7407305251688928,0.21666666666666667,13,0.26666666666666666,0.6677267760083636,1,0.8958333333333334,0.10416666666666667,0.1
QACS-Lexicographic,18,12,60,379,6,1.0,0,15,12,0.8,0.7407305251688928,0.21666666666666667,13,0.26666666666666666,0.6439633433292191,1,0.923611111111111,0.10416666666666667,0.1
QACS-Constrained,19,12,60,379,6,1.0,0,15,12,0.8,0.7895075092427356,0.21666666666666667,13,0.26666666666666666,0.6677267760083636,1,0.9166666666666666,0.08333333333333333,0.1
QACS-Lexicographic,19,12,60,379,6,1.0,0,15,12,0.8,0.7407305251688928,0.21666666666666667,13,0.26666666666666666,0.6439633433292191,1,0.9305555555555557,0.08333333333333333,0.1
random,0,12,60,379,2,0.3333333333333333,0,7,6,0.8571428571428571,0.33333333333333337,0.1,6,0.11666666666666667,0.46398440751209374,1,0.3263888888888889,0.020833333333333332,0.03333333333333333
greedy,0,12,60,379,6,1.0,0,16,12,0.75,0.8272381909953577,0.21666666666666667,13,0.26666666666666666,0.7388797278778498,1,0.8958333333333334,0.10416666666666667,0.1
uncertainty,0,12,60,379,6,1.0,0,15,12,0.8,0.8272381909953577,0.21666666666666667,13,0.25,0.5757489368037512,1,0.8958333333333334,0.10416666666666667,0.1
diversity,0,12,60,379,6,1.0,0,12,11,0.9166666666666666,0.7739760316291207,0.2,12,0.21666666666666667,0.6388887408086077,1,0.9097222222222222,0.10416666666666667,0.1
QACS-full,0,12,60,379,6,1.0,0,15,12,0.8,0.7895075092427356,0.21666666666666667,13,0.26666666666666666,0.4518875821379045,1,0.8819444444444443,0.10416666666666667,0.1
QACS-no-repeatability,0,12,60,379,6,1.0,0,15,12,0.8,0.7895075092427356,0.21666666666666667,13,0.26666666666666666,0.4518875821379045,1,0.8680555555555555,0.10416666666666667,0.1
QACS-no-batch,0,12,60,379,6,1.0,0,15,12,0.8,0.8060986113514966,0.23333333333333334,14,0.25,0.5220570792946382,1,0.923611111111111,0.10416666666666667,0.1
QACS-coverage-only,0,12,60,379,6,1.0,0,13,11,0.8461538461538461,0.8038674059915574,0.21666666666666667,13,0.23333333333333334,0.43605685195555505,1,0.923611111111111,0.10416666666666667,0.1
random,1,12,60,379,4,0.6666666666666666,0,6,6,1.0,0.6394319446848299,0.13333333333333333,8,0.11666666666666667,0.5455890368496109,1,0.23611111111111105,0.08333333333333333,0.06666666666666667
greedy,1,12,60,379,5,0.8333333333333334,0,14,11,0.7857142857142857,0.7073093649624542,0.2,12,0.25,0.7138678454774232,1,0.7152777777777777,0.10416666666666667,0.08333333333333333
uncertainty,1,12,60,379,6,1.0,0,13,11,0.8461538461538461,0.7895075092427356,0.2,12,0.23333333333333334,0.6392805175945266,1,0.875,0.125,0.1
diversity,1,12,60,379,5,0.8333333333333334,0,12,10,0.8333333333333334,0.653654682481227,0.2,12,0.21666666666666667,0.6094952724810438,1,0.7152777777777777,0.10416666666666667,0.08333333333333333
QACS-full,1,12,60,379,5,0.8333333333333334,0,13,11,0.8461538461538461,0.7073093649624542,0.2,12,0.25,0.6004486160985893,1,0.7152777777777777,0.10416666666666667,0.08333333333333333
QACS-no-repeatability,1,12,60,379,5,0.8333333333333334,0,13,11,0.8461538461538461,0.653654682481227,0.2,12,0.25,0.6004486160985893,1,0.7152777777777777,0.10416666666666667,0.08333333333333333
QACS-no-batch,1,12,60,379,5,0.8333333333333334,0,13,11,0.8461538461538461,0.7289014486366749,0.21666666666666667,13,0.23333333333333334,0.6105954255411226,1,0.7430555555555557,0.10416666666666667,0.08333333333333333
QACS-coverage-only,1,12,60,379,5,0.8333333333333334,0,10,8,0.8,0.7073093649624542,0.16666666666666666,10,0.2,0.45989150068811735,1,0.7569444444444445,0.10416666666666667,0.08333333333333333
random,2,12,60,379,4,0.6666666666666666,0,5,5,1.0,0.5974937501201928,0.1,6,0.08333333333333333,0.39265287179921016,1,0.375,0.041666666666666664,0.06666666666666667
greedy,2,12,60,379,6,1.0,0,16,12,0.75,0.7895075092427356,0.21666666666666667,13,0.2833333333333333,0.6976936986863783,1,0.9027777777777777,0.08333333333333333,0.1
uncertainty,2,12,60,379,6,1.0,0,14,12,0.8571428571428571,0.7613863759504741,0.21666666666666667,13,0.26666666666666666,0.6285397831480964,1,0.888888888888889,0.08333333333333333,0.1
diversity,2,12,60,379,6,1.0,0,12,11,0.9166666666666666,0.7203213491478938,0.2,12,0.21666666666666667,0.5870340271400235,1,0.9166666666666666,0.08333333333333333,0.1
QACS-full,2,12,60,379,6,1.0,0,15,12,0.8,0.7895075092427356,0.21666666666666667,13,0.26666666666666666,0.5313767219608789,1,0.888888888888889,0.08333333333333333,0.1
QACS-no-repeatability,2,12,60,379,6,1.0,0,15,12,0.8,0.8060986113514966,0.21666666666666667,13,0.26666666666666666,0.46863385948743924,1,0.875,0.08333333333333333,0.1
QACS-no-batch,2,12,60,379,6,1.0,0,14,12,0.8571428571428571,0.8060986113514966,0.23333333333333334,14,0.26666666666666666,0.5779444416910864,1,0.9305555555555557,0.08333333333333333,0.1
QACS-coverage-only,2,12,60,379,6,1.0,0,14,12,0.8571428571428571,0.8060986113514966,0.23333333333333334,14,0.26666666666666666,0.45989150068811735,1,0.9583333333333334,0.08333333333333333,0.1
random,3,12,60,379,4,0.6666666666666666,0,6,5,0.8333333333333334,0.6394319446848298,0.11666666666666667,7,0.11666666666666667,0.5229474258604037,1,0.5,0.08333333333333333,0.06666666666666667
greedy,3,12,60,379,6,1.0,0,16,12,0.75,0.7895075092427356,0.21666666666666667,13,0.2833333333333333,0.7274479196301447,1,0.8611111111111112,0.125,0.1
uncertainty,3,12,60,379,6,1.0,0,15,12,0.8,0.7407305251688928,0.21666666666666667,13,0.26666666666666666,0.6818659827611099,1,0.875,0.125,0.1
diversity,3,12,60,379,6,1.0,0,12,11,0.9166666666666666,0.7203213491478938,0.2,12,0.21666666666666667,0.6439633433292191,1,0.888888888888889,0.125,0.1
QACS-full,3,12,60,379,6,1.0,0,15,12,0.8,0.7613863759504741,0.21666666666666667,13,0.26666666666666666,0.6560062651137732,1,0.8611111111111112,0.125,0.1
QACS-no-repeatability,3,12,60,379,6,1.0,0,15,12,0.8,0.7407305251688928,0.21666666666666667,13,0.26666666666666666,0.6136246536800105,1,0.8472222222222223,0.125,0.1
QACS-no-batch,3,12,60,379,6,1.0,0,15,12,0.8,0.7613863759504741,0.23333333333333334,14,0.26666666666666666,0.673127304245501,1,0.9027777777777778,0.125,0.1
QACS-coverage-only,3,12,60,379,6,1.0,0,12,10,0.8333333333333334,0.8272381909953577,0.2,12,0.23333333333333334,0.44454278876439707,1,0.9027777777777778,0.125,0.1
random,4,12,60,379,3,0.5,0,3,3,1.0,0.5283208335737187,0.06666666666666667,4,0.05,0.4466246267439336,1,0.17361111111111108,0.0625,0.05
greedy,4,12,60,379,6,1.0,0,14,12,0.8571428571428571,0.7895075092427356,0.21666666666666667,13,0.26666666666666666,0.7306089932229566,1,0.8472222222222222,0.125,0.1
uncertainty,4,12,60,379,6,1.0,0,13,12,0.9230769230769231,0.7407305251688928,0.21666666666666667,13,0.25,0.6556838542238095,1,0.875,0.125,0.1
diversity,4,12,60,379,6,1.0,0,12,11,0.9166666666666666,0.7203213491478938,0.2,12,0.21666666666666667,0.6388887408086077,1,0.8472222222222223,0.125,0.1
QACS-full,4,12,60,379,6,1.0,0,14,12,0.8571428571428571,0.7613863759504741,0.21666666666666667,13,0.25,0.6439633433292191,1,0.875,0.125,0.1
QACS-no-repeatability,4,12,60,379,6,1.0,0,14,12,0.8571428571428571,0.7407305251688928,0.21666666666666667,13,0.25,0.6077188821419991,1,0.8472222222222223,0.125,0.1
QACS-no-batch,4,12,60,379,6,1.0,0,13,12,0.9230769230769231,0.7613863759504741,0.23333333333333334,14,0.25,0.6556838542238095,1,0.888888888888889,0.125,0.1
QACS-coverage-only,4,12,60,379,6,1.0,0,11,9,0.8181818181818182,0.8272381909953577,0.18333333333333332,11,0.21666666666666667,0.43659120675599133,1,0.9027777777777778,0.125,0.1
random,5,12,60,379,3,0.5,0,9,7,0.7777777777777778,0.4172097224626076,0.11666666666666667,7,0.15,0.43686921023924963,1,0.40972222222222215,0.020833333333333332,0.05
greedy,5,12,60,379,6,1.0,0,16,12,0.75,0.7407305251688928,0.21666666666666667,13,0.2833333333333333,0.7274479196301447,1,0.9027777777777777,0.08333333333333333,0.1
uncertainty,5,12,60,379,6,1.0,0,15,12,0.8,0.7613863759504741,0.21666666666666667,13,0.26666666666666666,0.6152782512758151,1,0.9305555555555557,0.08333333333333333,0.1
diversity,5,12,60,379,6,1.0,0,12,11,0.9166666666666666,0.7203213491478938,0.2,12,0.21666666666666667,0.6388887408086077,1,0.9027777777777777,0.08333333333333333,0.1
QACS-full,5,12,60,379,6,1.0,0,15,12,0.8,0.7407305251688928,0.21666666666666667,13,0.26666666666666666,0.6439633433292191,1,0.9166666666666666,0.08333333333333333,0.1
QACS-no-repeatability,5,12,60,379,6,1.0,0,15,12,0.8,0.7407305251688928,0.21666666666666667,13,0.26666666666666666,0.6439633433292191,1,0.888888888888889,0.08333333333333333,0.1
QACS-no-batch,5,12,60,379,6,1.0,0,15,12,0.8,0.7613863759504741,0.23333333333333334,14,0.26666666666666666,0.6152782512758151,1,0.9444444444444445,0.08333333333333333,0.1
QACS-coverage-only,5,12,60,379,6,1.0,0,10,8,0.8,0.8154797815570052,0.16666666666666666,10,0.18333333333333332,0.43659120675599133,1,0.9583333333333334,0.08333333333333333,0.1
random,6,12,60,379,1,0.16666666666666666,0,6,5,0.8333333333333334,-0.0,0.08333333333333333,5,0.1,0.5861616207829174,1,0.09027777777777778,0.020833333333333332,0.016666666666666666
greedy,6,12,60,379,6,1.0,0,16,12,0.75,0.7895075092427356,0.21666666666666667,13,0.2833333333333333,0.7388797278778498,1,0.8472222222222222,0.125,0.1
uncertainty,6,12,60,379,6,1.0,0,16,12,0.75,0.7895075092427356,0.21666666666666667,13,0.2833333333333333,0.6867197994752844,1,0.875,0.125,0.1
diversity,6,12,60,379,6,1.0,0,13,11,0.8461538461538461,0.7203213491478938,0.2,12,0.23333333333333334,0.6560062651137732,1,0.875,0.125,0.1
QACS-full,6,12,60,379,6,1.0,0,15,12,0.8,0.7613863759504741,0.21666666666666667,13,0.26666666666666666,0.6439633433292191,1,0.875,0.125,0.1
QACS-no-repeatability,6,12,60,379,6,1.0,0,15,12,0.8,0.7407305251688928,0.21666666666666667,13,0.26666666666666666,0.6439633433292191,1,0.8472222222222223,0.125,0.1
QACS-no-batch,6,12,60,379,6,1.0,0,16,12,0.75,0.7613863759504741,0.23333333333333334,14,0.2833333333333333,0.6758620106982618,1,0.888888888888889,0.125,0.1
QACS-coverage-only,6,12,60,379,6,1.0,0,14,11,0.7857142857142857,0.7819506631127535,0.21666666666666667,13,0.26666666666666666,0.5481040005705373,1,0.9027777777777778,0.125,0.1
random,7,12,60,379,2,0.3333333333333333,0,6,4,0.6666666666666666,0.2704260414863776,0.06666666666666667,4,0.1,0.5502673472517007,1,0.20833333333333334,0.041666666666666664,0.03333333333333333
greedy,7,12,60,379,5,0.8333333333333334,0,14,11,0.7857142857142857,0.7073093649624542,0.2,12,0.25,0.7160994246789997,1,0.7152777777777777,0.10416666666666667,0.08333333333333333
uncertainty,7,12,60,379,6,1.0,0,13,11,0.8461538461538461,0.7739760316291207,0.2,12,0.23333333333333334,0.6010607882840615,1,0.875,0.125,0.1
diversity,7,12,60,379,5,0.8333333333333334,0,11,10,0.9090909090909091,0.626654982909037,0.18333333333333332,11,0.2,0.5757918658702337,1,0.7291666666666665,0.10416666666666667,0.08333333333333333
QACS-full,7,12,60,379,5,0.8333333333333334,0,14,11,0.7857142857142857,0.7073093649624542,0.2,12,0.25,0.5629862804005827,1,0.7152777777777777,0.10416666666666667,0.08333333333333333
QACS-no-repeatability,7,12,60,379,5,0.8333333333333334,0,14,11,0.7857142857142857,0.653654682481227,0.2,12,0.25,0.46863385948743924,1,0.7013888888888888,0.10416666666666667,0.08333333333333333
QACS-no-batch,7,12,60,379,5,0.8333333333333334,0,13,11,0.8461538461538461,0.7289014486366749,0.21666666666666667,13,0.23333333333333334,0.6010607882840615,1,0.7430555555555557,0.10416666666666667,0.08333333333333333
QACS-coverage-only,7,12,60,379,5,0.8333333333333334,0,11,8,0.7272727272727273,0.7073093649624542,0.16666666666666666,10,0.2,0.42788473822977957,1,0.7569444444444445,0.10416666666666667,0.08333333333333333
random,8,12,60,379,5,0.8333333333333334,1,6,5,0.8333333333333334,0.7505430557959409,0.1,6,0.11666666666666667,0.4086800490913207,1,0.3333333333333333,0.08333333333333333,0.08333333333333333
greedy,8,12,60,379,6,1.0,0,16,11,0.6875,0.7895075092427356,0.2,12,0.2833333333333333,0.7388797278778498,1,0.8819444444444443,0.10416666666666667,0.1
uncertainty,8,12,60,379,6,1.0,0,14,11,0.7857142857142857,0.7613863759504741,0.2,12,0.26666666666666666,0.6726280137702106,1,0.8819444444444443,0.10416666666666667,0.1
diversity,8,12,60,379,6,1.0,0,12,10,0.8333333333333334,0.7203213491478938,0.18333333333333332,11,0.21666666666666667,0.6439633433292191,1,0.8958333333333334,0.10416666666666667,0.1
QACS-full,8,12,60,379,6,1.0,0,15,11,0.7333333333333333,0.7895075092427356,0.2,12,0.26666666666666666,0.6560062651137732,1,0.8680555555555557,0.10416666666666667,0.1
QACS-no-repeatability,8,12,60,379,6,1.0,0,15,11,0.7333333333333333,0.7895075092427356,0.2,12,0.26666666666666666,0.6083260604067775,1,0.8541666666666666,0.10416666666666667,0.1
QACS-no-batch,8,12,60,379,6,1.0,0,14,11,0.7857142857142857,0.8060986113514966,0.21666666666666667,13,0.26666666666666666,0.6726280137702106,1,0.8958333333333334,0.10416666666666667,0.1
QACS-coverage-only,8,12,60,379,6,1.0,0,14,11,0.7857142857142857,0.8060986113514966,0.21666666666666667,13,0.26666666666666666,0.5220570792946382,1,0.923611111111111,0.10416666666666667,0.1
random,9,12,60,379,5,0.8333333333333334,0,8,7,0.875,0.75,0.13333333333333333,8,0.13333333333333333,0.5776254798697062,1,0.6944444444444445,0.041666666666666664,0.08333333333333333
greedy,9,12,60,379,6,1.0,0,15,12,0.8,0.8272381909953577,0.21666666666666667,13,0.2833333333333333,0.7388797278778498,1,0.9375,0.0625,0.1
uncertainty,9,12,60,379,6,1.0,0,14,12,0.8571428571428571,0.8197159723424151,0.21666666666666667,13,0.26666666666666666,0.6301933807439011,1,0.9236111111111112,0.0625,0.1
diversity,9,12,60,379,6,1.0,0,12,11,0.9166666666666666,0.7739760316291207,0.2,12,0.21666666666666667,0.6439633433292191,1,0.9375,0.0625,0.1
QACS-full,9,12,60,379,6,1.0,0,15,12,0.8,0.7851295140691782,0.21666666666666667,13,0.26666666666666666,0.6133056918586304,1,0.9236111111111112,0.0625,0.1
QACS-no-repeatability,9,12,60,379,6,1.0,0,15,12,0.8,0.7895075092427356,0.21666666666666667,13,0.26666666666666666,0.5067512964374005,1,0.8958333333333334,0.0625,0.1
QACS-no-batch,9,12,60,379,6,1.0,0,14,12,0.8571428571428571,0.8060986113514966,0.23333333333333334,14,0.26666666666666666,0.587815218378722,1,0.951388888888889,0.0625,0.1
QACS-coverage-only,9,12,60,379,6,1.0,0,12,9,0.75,0.7895075092427356,0.18333333333333332,11,0.23333333333333334,0.44454278876439707,1,0.9652777777777778,0.0625,0.1
random,10,12,60,379,4,0.6666666666666666,0,8,6,0.75,0.6406426982957876,0.1,6,0.13333333333333333,0.4807306848616285,1,0.6458333333333334,0.020833333333333332,0.06666666666666667
greedy,10,12,60,379,6,1.0,0,15,12,0.8,0.7407305251688928,0.21666666666666667,13,0.2833333333333333,0.7388797278778498,1,0.9375,0.0625,0.1
uncertainty,10,12,60,379,6,1.0,0,14,12,0.8571428571428571,0.7407305251688928,0.21666666666666667,13,0.26666666666666666,0.673333690144656,1,0.9375,0.0625,0.1
diversity,10,12,60,379,6,1.0,0,13,11,0.8461538461538461,0.7203213491478938,0.2,12,0.23333333333333334,0.6388887408086077,1,0.9375,0.0625,0.1
QACS-full,10,12,60,379,6,1.0,0,15,12,0.8,0.7407305251688928,0.21666666666666667,13,0.26666666666666666,0.6439633433292191,1,0.951388888888889,0.0625,0.1
QACS-no-repeatability,10,12,60,379,6,1.0,0,15,12,0.8,0.7407305251688928,0.21666666666666667,13,0.26666666666666666,0.6051314418332818,1,0.8958333333333334,0.0625,0.1
QACS-no-batch,10,12,60,379,6,1.0,0,14,12,0.8571428571428571,0.7613863759504741,0.23333333333333334,14,0.26666666666666666,0.6301933807439011,1,0.951388888888889,0.0625,0.1
QACS-coverage-only,10,12,60,379,6,1.0,0,11,9,0.8181818181818182,0.8154797815570052,0.18333333333333332,11,0.21666666666666667,0.44454278876439707,1,0.9652777777777778,0.0625,0.1
random,11,12,60,379,5,0.8333333333333334,0,9,9,1.0,0.7323865744747166,0.16666666666666666,10,0.16666666666666666,0.5481764771583282,1,0.6458333333333333,0.0625,0.08333333333333333
greedy,11,12,60,379,6,1.0,0,15,12,0.8,0.7895075092427356,0.21666666666666667,13,0.26666666666666666,0.7160994246789997,1,0.9166666666666666,0.08333333333333333,0.1
uncertainty,11,12,60,379,6,1.0,0,14,12,0.8571428571428571,0.7613863759504741,0.21666666666666667,13,0.25,0.6297345742878195,1,0.888888888888889,0.08333333333333333,0.1
diversity,11,12,60,379,6,1.0,0,12,11,0.9166666666666666,0.7739760316291209,0.2,12,0.21666666666666667,0.6122981142686207,1,0.9305555555555557,0.08333333333333333,0.1
QACS-full,11,12,60,379,6,1.0,0,14,12,0.8571428571428571,0.7407305251688928,0.21666666666666667,13,0.25,0.6051314418332818,1,0.9166666666666666,0.08333333333333333,0.1
QACS-no-repeatability,11,12,60,379,6,1.0,0,14,12,0.8571428571428571,0.8060986113514966,0.21666666666666667,13,0.25,0.5072856512378368,1,0.9305555555555557,0.08333333333333333,0.1
QACS-no-batch,11,12,60,379,6,1.0,0,14,12,0.8571428571428571,0.7613863759504741,0.23333333333333334,14,0.25,0.5795980392868909,1,0.9166666666666666,0.08333333333333333,0.1
QACS-coverage-only,11,12,60,379,6,1.0,0,13,12,0.9230769230769231,0.8060986113514966,0.23333333333333334,14,0.25,0.44454278876439707,1,0.9305555555555557,0.08333333333333333,0.1
random,12,12,60,379,1,0.16666666666666666,0,4,3,0.75,-0.0,0.05,3,0.06666666666666667,0.46316877506195486,1,0.15972222222222224,0.020833333333333332,0.016666666666666666
greedy,12,12,60,379,6,1.0,0,15,12,0.8,0.7895075092427356,0.21666666666666667,13,0.25,0.7238914271170425,1,0.8472222222222222,0.125,0.1
uncertainty,12,12,60,379,6,1.0,0,14,12,0.8571428571428571,0.7613863759504741,0.21666666666666667,13,0.23333333333333334,0.6983993750608237,1,0.8611111111111112,0.125,0.1
diversity,12,12,60,379,6,1.0,0,12,11,0.9166666666666666,0.7203213491478938,0.2,12,0.21666666666666667,0.6439633433292191,1,0.8472222222222222,0.125,0.1
QACS-full,12,12,60,379,6,1.0,0,14,12,0.8571428571428571,0.7819506631127535,0.23333333333333334,14,0.25,0.46863385948743924,1,0.875,0.125,0.1
QACS-no-repeatability,12,12,60,379,6,1.0,0,14,12,0.8571428571428571,0.7407305251688928,0.21666666666666667,13,0.25,0.46863385948743924,1,0.8472222222222223,0.125,0.1
QACS-no-batch,12,12,60,379,6,1.0,0,14,12,0.8571428571428571,0.7613863759504741,0.23333333333333334,14,0.23333333333333334,0.6758620106982618,1,0.888888888888889,0.125,0.1
QACS-coverage-only,12,12,60,379,6,1.0,0,11,9,0.8181818181818182,0.8272381909953577,0.18333333333333332,11,0.2,0.43605685195555505,1,0.9027777777777778,0.125,0.1
random,13,12,60,379,4,0.6666666666666666,0,7,6,0.8571428571428571,0.6394319446848299,0.1,6,0.11666666666666667,0.5370955657492196,1,0.5625000000000001,0.020833333333333332,0.06666666666666667
greedy,13,12,60,379,6,1.0,0,15,12,0.8,0.8060986113514966,0.21666666666666667,13,0.26666666666666666,0.7238914271170425,1,0.9375,0.0625,0.1
uncertainty,13,12,60,379,6,1.0,0,14,12,0.8571428571428571,0.7613863759504741,0.21666666666666667,13,0.25,0.6983993750608237,1,0.9236111111111112,0.0625,0.1
diversity,13,12,60,379,6,1.0,0,12,11,0.9166666666666666,0.7613863759504739,0.21666666666666667,13,0.21666666666666667,0.6335291792824531,1,0.923611111111111,0.0625,0.1
QACS-full,13,12,60,379,6,1.0,0,14,12,0.8571428571428571,0.7819506631127535,0.23333333333333334,14,0.25,0.6560062651137732,1,0.951388888888889,0.0625,0.1
QACS-no-repeatability,13,12,60,379,6,1.0,0,14,12,0.8571428571428571,0.7613863759504741,0.21666666666666667,13,0.25,0.6051314418332818,1,0.951388888888889,0.0625,0.1
QACS-no-batch,13,12,60,379,6,1.0,0,14,12,0.8571428571428571,0.7819506631127535,0.23333333333333334,14,0.25,0.673127304245501,1,0.951388888888889,0.0625,0.1
QACS-coverage-only,13,12,60,379,6,1.0,0,10,9,0.9,0.8043628121419193,0.18333333333333332,11,0.2,0.43605685195555505,1,0.9513888888888888,0.0625,0.1
random,14,12,60,379,1,0.16666666666666666,0,7,5,0.7142857142857143,-0.0,0.08333333333333333,5,0.1,0.4075086927711268,1,0.16666666666666666,0.0,0.016666666666666666
greedy,14,12,60,379,6,1.0,0,16,12,0.75,0.7407305251688928,0.21666666666666667,13,0.2833333333333333,0.7463894598406597,1,0.8819444444444443,0.10416666666666667,0.1
uncertainty,14,12,60,379,6,1.0,0,15,12,0.8,0.7407305251688928,0.21666666666666667,13,0.26666666666666666,0.673333690144656,1,0.8958333333333334,0.10416666666666667,0.1
diversity,14,12,60,379,6,1.0,0,12,11,0.9166666666666666,0.7203213491478938,0.2,12,0.21666666666666667,0.6439633433292191,1,0.8680555555555557,0.10416666666666667,0.1
QACS-full,14,12,60,379,6,1.0,0,15,12,0.8,0.7407305251688928,0.21666666666666667,13,0.26666666666666666,0.5836927509877397,1,0.8680555555555557,0.10416666666666667,0.1
QACS-no-repeatability,14,12,60,379,6,1.0,0,15,12,0.8,0.7407305251688928,0.21666666666666667,13,0.26666666666666666,0.5836927509877397,1,0.8680555555555555,0.10416666666666667,0.1
QACS-no-batch,14,12,60,379,6,1.0,0,15,12,0.8,0.7613863759504741,0.23333333333333334,14,0.26666666666666666,0.6758620106982618,1,0.923611111111111,0.10416666666666667,0.1
QACS-coverage-only,14,12,60,379,6,1.0,0,11,8,0.7272727272727273,0.8406426982957876,0.16666666666666666,10,0.21666666666666667,0.4558239816884475,1,0.9375,0.10416666666666667,0.1
random,15,12,60,379,3,0.5,0,3,3,1.0,0.5283208335737187,0.06666666666666667,4,0.06666666666666667,0.4056335103410774,1,0.34722222222222215,0.041666666666666664,0.05
greedy,15,12,60,379,6,1.0,0,16,12,0.75,0.8060986113514966,0.21666666666666667,13,0.2833333333333333,0.7388797278778498,1,0.8958333333333334,0.10416666666666667,0.1
uncertainty,15,12,60,379,6,1.0,0,15,12,0.8,0.7613863759504741,0.21666666666666667,13,0.26666666666666666,0.6983993750608237,1,0.8958333333333334,0.10416666666666667,0.1
diversity,15,12,60,379,6,1.0,0,13,11,0.8461538461538461,0.7407305251688928,0.2,12,0.23333333333333334,0.676950050635633,1,0.8958333333333334,0.10416666666666667,0.1
QACS-full,15,12,60,379,6,1.0,0,15,12,0.8,0.7613863759504741,0.21666666666666667,13,0.26666666666666666,0.6388887408086077,1,0.8958333333333334,0.10416666666666667,0.1
QACS-no-repeatability,15,12,60,379,6,1.0,0,15,12,0.8,0.7613863759504741,0.21666666666666667,13,0.26666666666666666,0.6388887408086077,1,0.8680555555555555,0.10416666666666667,0.1
QACS-no-batch,15,12,60,379,6,1.0,0,15,12,0.8,0.7819506631127535,0.23333333333333334,14,0.26666666666666666,0.673127304245501,1,0.923611111111111,0.10416666666666667,0.1
QACS-coverage-only,15,12,60,379,6,1.0,0,12,10,0.8333333333333334,0.8197159723424151,0.2,12,0.23333333333333334,0.43605685195555505,1,0.923611111111111,0.10416666666666667,0.1
random,16,12,60,379,4,0.6666666666666666,0,5,5,1.0,0.5974937501201928,0.1,6,0.08333333333333333,0.34573848480220315,1,0.5277777777777778,0.041666666666666664,0.06666666666666667
greedy,16,12,60,379,6,1.0,0,16,12,0.75,0.7895075092427356,0.21666666666666667,13,0.26666666666666666,0.7160994246789997,1,0.9027777777777777,0.08333333333333333,0.1
uncertainty,16,12,60,379,6,1.0,0,15,12,0.8,0.7613863759504741,0.21666666666666667,13,0.25,0.5694512298443577,1,0.9027777777777778,0.08333333333333333,0.1
diversity,16,12,60,379,6,1.0,0,13,11,0.8461538461538461,0.7407305251688928,0.2,12,0.23333333333333334,0.6122981142686207,1,0.9166666666666666,0.08333333333333333,0.1
QACS-full,16,12,60,379,6,1.0,0,15,12,0.8,0.7895075092427356,0.21666666666666667,13,0.26666666666666666,0.5144586124879593,1,0.9027777777777778,0.08333333333333333,0.1
QACS-no-repeatability,16,12,60,379,6,1.0,0,15,12,0.8,0.7895075092427356,0.21666666666666667,13,0.26666666666666666,0.5144586124879593,1,0.888888888888889,0.08333333333333333,0.1
QACS-no-batch,16,12,60,379,6,1.0,0,15,12,0.8,0.8060986113514966,0.23333333333333334,14,0.25,0.5220570792946382,1,0.9444444444444445,0.08333333333333333,0.1
QACS-coverage-only,16,12,60,379,6,1.0,0,14,12,0.8571428571428571,0.8060986113514966,0.23333333333333334,14,0.25,0.44454278876439707,1,0.9583333333333334,0.08333333333333333,0.1
random,17,12,60,379,5,0.8333333333333334,0,9,9,1.0,0.7323865744747166,0.15,9,0.15,0.44376416800611385,1,0.6458333333333334,0.0625,0.08333333333333333
greedy,17,12,60,379,6,1.0,0,16,12,0.75,0.7895075092427356,0.21666666666666667,13,0.26666666666666666,0.7463894598406597,1,0.9305555555555557,0.08333333333333333,0.1
uncertainty,17,12,60,379,6,1.0,0,15,12,0.8,0.8060986113514966,0.21666666666666667,13,0.25,0.5795980392868909,1,0.9166666666666666,0.08333333333333333,0.1
diversity,17,12,60,379,6,1.0,0,12,11,0.9166666666666666,0.7407305251688928,0.21666666666666667,13,0.21666666666666667,0.6474520850141231,1,0.9166666666666666,0.08333333333333333,0.1
QACS-full,17,12,60,379,6,1.0,0,15,12,0.8,0.7407305251688928,0.21666666666666667,13,0.26666666666666666,0.6051314418332818,1,0.9166666666666666,0.08333333333333333,0.1
QACS-no-repeatability,17,12,60,379,6,1.0,0,15,12,0.8,0.7407305251688928,0.21666666666666667,13,0.26666666666666666,0.6051314418332818,1,0.888888888888889,0.08333333333333333,0.1
QACS-no-batch,17,12,60,379,6,1.0,0,15,12,0.8,0.7613863759504741,0.23333333333333334,14,0.25,0.5795980392868909,1,0.9444444444444445,0.08333333333333333,0.1
QACS-coverage-only,17,12,60,379,6,1.0,0,13,9,0.6923076923076923,0.7407305251688928,0.18333333333333332,11,0.21666666666666667,0.45989150068811735,1,0.9583333333333334,0.08333333333333333,0.1
random,18,12,60,379,4,0.6666666666666666,0,6,5,0.8333333333333334,0.6394319446848298,0.1,6,0.11666666666666667,0.5659620162182798,1,0.5347222222222223,0.0625,0.06666666666666667
greedy,18,12,60,379,6,1.0,0,15,12,0.8,0.7895075092427356,0.21666666666666667,13,0.2833333333333333,0.7274479196301447,1,0.8819444444444443,0.10416666666666667,0.1
uncertainty,18,12,60,379,6,1.0,0,14,12,0.8571428571428571,0.7407305251688928,0.21666666666666667,13,0.26666666666666666,0.6677267760083636,1,0.8958333333333334,0.10416666666666667,0.1
diversity,18,12,60,379,6,1.0,0,12,11,0.9166666666666666,0.7407305251688928,0.21666666666666667,13,0.21666666666666667,0.6173727167892321,1,0.8958333333333334,0.10416666666666667,0.1
QACS-full,18,12,60,379,6,1.0,0,15,12,0.8,0.7407305251688928,0.21666666666666667,13,0.26666666666666666,0.6133056918586304,1,0.8819444444444443,0.10416666666666667,0.1
QACS-no-repeatability,18,12,60,379,6,1.0,0,15,12,0.8,0.7613863759504741,0.21666666666666667,13,0.26666666666666666,0.5839661158955821,1,0.8680555555555555,0.10416666666666667,0.1
QACS-no-batch,18,12,60,379,6,1.0,0,14,12,0.8571428571428571,0.7613863759504741,0.23333333333333334,14,0.26666666666666666,0.6273211730603693,1,0.923611111111111,0.10416666666666667,0.1
QACS-coverage-only,18,12,60,379,6,1.0,0,12,9,0.75,0.7407305251688928,0.18333333333333332,11,0.23333333333333334,0.5220570792946382,1,0.923611111111111,0.10416666666666667,0.1
random,19,12,60,379,5,0.8333333333333334,1,6,5,0.8333333333333334,0.7505430557959409,0.1,6,0.11666666666666667,0.5066442408782991,1,0.5208333333333334,0.0625,0.08333333333333333
greedy,19,12,60,379,6,1.0,0,16,12,0.75,0.7895075092427356,0.21666666666666667,13,0.2833333333333333,0.7344900437072968,1,0.9027777777777777,0.08333333333333333,0.1
uncertainty,19,12,60,379,6,1.0,0,15,12,0.8,0.7407305251688928,0.21666666666666667,13,0.26666666666666666,0.6677267760083636,1,0.9027777777777778,0.08333333333333333,0.1
diversity,19,12,60,379,6,1.0,0,12,11,0.9166666666666666,0.7739760316291207,0.2,12,0.21666666666666667,0.5848385222526882,1,0.9305555555555557,0.08333333333333333,0.1
QACS-full,19,12,60,379,6,1.0,0,15,12,0.8,0.7407305251688928,0.21666666666666667,13,0.26666666666666666,0.6051314418332818,1,0.9027777777777778,0.08333333333333333,0.1
QACS-no-repeatability,19,12,60,379,6,1.0,0,15,12,0.8,0.7407305251688928,0.21666666666666667,13,0.26666666666666666,0.5067512964374005,1,0.888888888888889,0.08333333333333333,0.1
QACS-no-batch,19,12,60,379,6,1.0,0,15,12,0.8,0.7613863759504741,0.23333333333333334,14,0.26666666666666666,0.6677267760083636,1,0.9444444444444445,0.08333333333333333,0.1
QACS-coverage-only,19,12,60,379,6,1.0,0,14,12,0.8571428571428571,0.8060986113514966,0.23333333333333334,14,0.26666666666666666,0.45989150068811735,1,0.9583333333333334,0.08333333333333333,0.1
