,coverage_auc,coverage_auc,coverage_auc,coverage,coverage,coverage,diversity,diversity,diversity,hidden_confirmation_rate,hidden_confirmation_rate,hidden_confirmation_rate,repeatability,repeatability,repeatability,cross_batch_agreement,cross_batch_agreement,cross_batch_agreement,cross_batch_median_cosine,cross_batch_median_cosine,cross_batch_median_cosine,discovery_efficiency_per_query,discovery_efficiency_per_query,discovery_efficiency_per_query,hidden_confirmed_count,hidden_confirmed_count,hidden_confirmed_count
,mean,std,count,mean,std,count,mean,std,count,mean,std,count,mean,std,count,mean,std,count,mean,std,count,mean,std,count,mean,std,count
variant,,,,,,,,,,,,,,,,,,,,,,,,,,,
QACS-Constrained,0.8868055555555555,0.05519344709011577,20,0.9833333333333334,0.05129891760425773,20,0.7511604704041293,0.040063382137580886,20,0.21416666666666667,0.006105792475542056,20,0.827554945054945,0.039592668495863646,20,0.2575,0.013759632458031607,20,0.6530059221361404,0.03890580354541542,20,0.09583333333333334,0.02072339413145167,20,12.85,0.3663475485325232,20
QACS-Lexicographic,0.90625,0.05465739622103692,20,0.9833333333333334,0.05129891760425773,20,0.7491576716743393,0.0385331081145744,20,0.215,0.007453559924999302,20,0.8096886446886448,0.030747298866070926,20,0.26166666666666666,0.00783603909969379,20,0.6316159319605135,0.05132536056084404,20,0.09583333333333334,0.02072339413145167,20,12.9,0.4472135954999578,20
QACS-coverage-only,0.9180555555555555,0.05946582388671932,20,0.9833333333333334,0.05129891760425773,20,0.7939647017123714,0.03898834679351103,20,0.19666666666666666,0.02454259931805411,20,0.809007659007659,0.05904928049731662,20,0.22916666666666666,0.025862321031237832,20,0.457780832349335,0.033244332088085714,20,0.09583333333333334,0.02072339413145167,20,11.8,1.472555959083246,20
QACS-full,0.8791666666666667,0.06176057072409832,20,0.9833333333333334,0.05129891760425773,20,0.7576169393587341,0.026281704024567462,20,0.21583333333333332,0.00850696309223401,20,0.8096886446886448,0.030747298866070926,20,0.26166666666666666,0.00783603909969379,20,0.5969125521122501,0.06145299889154392,20,0.09583333333333334,0.02072339413145167,20,12.95,0.5104177855340404,20
QACS-no-batch,0.90625,0.059886893879041114,20,0.9833333333333334,0.05129891760425773,20,0.7713723707855777,0.024015169475714974,20,0.23083333333333336,0.006105792475542056,20,0.827554945054945,0.039592668495863646,20,0.2575,0.013759632458031607,20,0.6248262752485905,0.051075791756552635,20,0.09583333333333334,0.02072339413145167,20,13.85,0.3663475485325232,20
QACS-no-repeatability,0.8618055555555555,0.05913625223824162,20,0.9833333333333334,0.05129891760425773,20,0.7514135239503924,0.04118291552935957,20,0.21416666666666667,0.006105792475542056,20,0.8096886446886448,0.030747298866070926,20,0.26166666666666666,0.00783603909969379,20,0.5616511424689205,0.06644916116860598,20,0.09583333333333334,0.02072339413145167,20,12.85,0.3663475485325232,20
diversity,0.8840277777777779,0.06145983040764266,20,0.9833333333333334,0.05129891760425773,20,0.7291707205431919,0.037359828711263435,20,0.20083333333333334,0.00850696309223401,20,0.8938519813519813,0.03511208751103282,20,0.21916666666666668,0.008156008082159879,20,0.6294218946498485,0.025662438586330532,20,0.09583333333333334,0.02072339413145167,20,12.05,0.5104177855340404,20
greedy,0.8770833333333332,0.06244311901571427,20,0.9833333333333334,0.05129891760425773,20,0.7794033255897694,0.03403287872802155,20,0.21416666666666667,0.006105792475542056,20,0.7708035714285715,0.03574845639746267,20,0.2733333333333333,0.012565617248750863,20,0.7290571377601995,0.012546477670657896,20,0.09583333333333334,0.02072339413145167,20,12.85,0.3663475485325232,20
random,0.4052083333333333,0.19046516949589,20,0.575,0.232423036371736,20,0.5093414001123282,0.25647420101898133,20,0.10166666666666666,0.0290693866424127,20,0.8707341269841271,0.10960776410986282,20,0.11000000000000001,0.029814239699997195,20,0.48179123459241885,0.07040603694138273,20,0.04479166666666666,0.02462715392663788,20,6.1,1.744163198544762,20
uncertainty,0.8958333333333334,0.02137454900177408,20,1.0,0.0,20,0.7670758991710505,0.026547528975518615,20,0.21416666666666667,0.006105792475542056,20,0.827554945054945,0.039592668495863646,20,0.2575,0.013759632458031607,20,0.6471551104494073,0.04194482130816507,20,0.09791666666666667,0.02251948474060755,20,12.85,0.3663475485325232,20
