claim_id,claim,source_file,evidence_row_table,figure,report_section,README_section,demo_scene,allowed_wording,prohibited_wording,phase18_claim_id,phase18_encoding_note,human_signoff
C01,Development advantage,results/development/comparison_aggregate.csv,QACS-coverage-only coverage_auc mean,2;3,8;12,Main Finding;Results,4,Coverage-only ranked first among the five common policies in development (0.91806).,Coverage-only is independently confirmed or universally superior.,C01,Original CSV contains replacement question marks; English wording reconstructed from original reports and current frozen evidence; original unchanged,PENDING
C02,Confirmation failure,results/confirmation/summary_metrics.csv;results/confirmation/final_adjudication.json,coverage-only coverage_auc T1/T2,3,9;11;12,Main Finding;Results,4,Coverage-only ranked fourth in T1 (0.69018) and T2 (0.88917); actual confirmation did not reproduce its lead.,The confirmation was never run; the whole framework failed.,C02,Original CSV contains replacement question marks; English wording reconstructed from original reports and current frozen evidence; original unchanged,PENDING
C03,Ranking reversal,results/development/comparison_aggregate.csv;results/confirmation/summary_metrics.csv,five common policies sorted by mean AUC,3,12,Main Finding,4,"Development ranking did not persist in these fixed campaigns; Diversity led T1, Uncertainty led T2.",All active learning policies fail; either baseline is universally optimal.,C03,Original CSV contains replacement question marks; English wording reconstructed from original reports and current frozen evidence; original unchanged,PENDING
C04,Registered-entity isolation,results/audit/overlap_matrix.csv;results/audit/adjudication.json,registered identity levels Development vs T1/T2,6,10,Limitations,6,Registered entity and measured ancestry isolation was supported within the audited identifiers.,Novel scaffolds or molecular structures were confirmed.,C04,Original CSV contains replacement question marks; English wording reconstructed from original reports and current frozen evidence; original unchanged,PENDING
C05,Physical-plate isolation,results/audit/overlap_matrix.csv,"plate intersections: development0, T1/T2 eight",6,10,Limitations,6,Each campaign used physical plates withheld from development; T1/T2 share eight plates.,T1/T2 are independent biological plate replications.,C05,Original CSV contains replacement question marks; English wording reconstructed from original reports and current frozen evidence; original unchanged,PENDING
C06,Batch/study boundary,results/audit/adjudication.json;results/confirmation/claim_scope_manifest.json,batch/study scope,6,5;10;15,Limitations,6,"Same-study, seen-batch evidence only; chemical/scaffold independence UNKNOWN and external-study validation absent.",Unseen-batch or cross-study generalization established.,C06,Original CSV contains replacement question marks; English wording reconstructed from original reports and current frozen evidence; original unchanged,PENDING
C07,QACS negative result,results/negative_results/phase15_secondary_metrics.csv;results/development/comparison_aggregate.csv,development variants only,2,7;8,Main Finding;Evidence Chain,4;6,The tested hand-designed multi-objective QACS formulations did not establish a stable advantage.,QACS was evaluated on T1/T2 or multi-objective methods are generally invalid.,C07,Original CSV contains replacement question marks; English wording reconstructed from original reports and current frozen evidence; original unchanged,PENDING
C08,Secondary trade-off,results/confirmation/summary_metrics.csv;results/confirmation/summary_by_seed.csv,repeatability and its positive-count denominator; batch diagnostics,5,13,Results,5,Coverage-only had higher conditional repeatability in some comparisons alongside coverage and batch-diagnostic costs.,Repeatability overrides the primary endpoint or proves overall robustness.,C08,Original CSV contains replacement question marks; English wording reconstructed from original reports and current frozen evidence; original unchanged,PENDING
C09,Bootstrap interpretation,results/confirmation/bootstrap_ci.csv;results/confirmation/run_manifest.json,20 paired seeds/campaign;10000;RNG1600,4,11,Results,5,Intervals reflect seed uncertainty conditional on fixed entities/plates; T2 versus Diversity includes zero.,Population/biological/cross-batch confidence intervals or forty biological replicates.,C09,Original CSV contains replacement question marks; English wording reconstructed from original reports and current frozen evidence; original unchanged,PENDING
C10,Offline simulation,src/simulation/environment.py;results/confirmation/all_trajectories_locked.json,paid screening300 + reference96 + confirmation60; seal before H,1,3;4;6;15,Problem;Framework,1;2;3,Retrospective offline selection replay under an explicit cost and information contract.,"Prospective wet-lab benefit, drug efficacy or clinical benefit proven.",C10,Original CSV contains replacement question marks; English wording reconstructed from original reports and current frozen evidence; original unchanged,PENDING
C11,Evidence integrity,results/confirmation/verification.json;results/confirmation/receipt_verification.json;results/confirmation/statistics_verification.json,200 receipts and frozen-file verification,1,9;16,Evidence Chain;Reproduction,6,Archived hashes and checks support traceability; final200 runs completed with zero failures.,Hashes alone prove clean-room data independence or biological correctness.,C11,Original CSV contains replacement question marks; English wording reconstructed from original reports and current frozen evidence; original unchanged,PENDING
C12,Exposure governance,results/confirmation/final_adjudication.json,formal performance evaluation completed,6,9;15,Evidence Chain;Limitations,6,T1/T2 are performance-exposed and cannot confirm a later method informed by these results.,Renaming or reseeding the same data creates untouched confirmation.,C12,Original CSV contains replacement question marks; English wording reconstructed from original reports and current frozen evidence; original unchanged,PENDING
C13,Contribution scope,results/confirmation/final_adjudication.json;docs/CLAIM_SCOPE.md,framework and bounded empirical case,1;3,2;14;17,Overview,6,An auditable evaluation workflow and an empirical case in which frozen confirmation changes policy selection.,"A proven first-of-kind benchmark, SOTA selector or established top-three prize entry.",C13,Original CSV contains replacement question marks; English wording reconstructed from original reports and current frozen evidence; original unchanged,PENDING
